tier,query,actual_sha256,expected_sha256,bytes
t25k,1,06fc08666f2aedf388ef94543817f070237d2833aa93085e8efd45b9ca6c4e61,06fc08666f2aedf388ef94543817f070237d2833aa93085e8efd45b9ca6c4e61,14
t25k,2,e4aefb74f809ae46ab3dff34181945637d468f6605a5d0fbcbd19ae833e85a0b,e4aefb74f809ae46ab3dff34181945637d468f6605a5d0fbcbd19ae833e85a0b,14
t25k,3,2b33db4275bb42f191ca5d8096a3be65536d2dff0d34e5b49cc33a4e553eaefd,2b33db4275bb42f191ca5d8096a3be65536d2dff0d34e5b49cc33a4e553eaefd,14
t25k,4,2e00fed02cfb0b4602c184748de96437f5179cdbddbcfdd5f5e61b034aee837f,2e00fed02cfb0b4602c184748de96437f5179cdbddbcfdd5f5e61b034aee837f,35077
t25k,5,7383cb9030cb08f76c7c48dd3ca6963467341d46ac8ff341bcde70ab1881321b,7383cb9030cb08f76c7c48dd3ca6963467341d46ac8ff341bcde70ab1881321b,289
t25k,6,428c919d0848af777264e5f76e13a3610bf9139693de39bb38e912422be0999c,428c919d0848af777264e5f76e13a3610bf9139693de39bb38e912422be0999c,1760
t25k,7,210009e6bb135fc301a525bb748bfff5fabf55b77478a6146efa36c4cbfaa3d6,210009e6bb135fc301a525bb748bfff5fabf55b77478a6146efa36c4cbfaa3d6,112
t25k,8,57d1cc3588cdb0284cb36950dbc7a1d3884c8bb49058aa35f1e7d67f010eb0f9,57d1cc3588cdb0284cb36950dbc7a1d3884c8bb49058aa35f1e7d67f010eb0f9,41191
t25k,9,1d891dfd6e7d94a80f48de073f6d3384f8fe82e11828e57dde781ef58a0ab490,1d891dfd6e7d94a80f48de073f6d3384f8fe82e11828e57dde781ef58a0ab490,640
t25k,10,6625b815ba8c73ebe7831d78c4438d46d461f9354685a79098f807f511322f88,6625b815ba8c73ebe7831d78c4438d46d461f9354685a79098f807f511322f88,326
t25k,11,816cef64ffa8a2f50e4631ff46307482a3d73c86b4e59831661b1890198d4503,816cef64ffa8a2f50e4631ff46307482a3d73c86b4e59831661b1890198d4503,5760
t25k,12,c39ee4da3a067c5705c834f047a019218baedb0e03decc4d6f55c15d0ceae519,c39ee4da3a067c5705c834f047a019218baedb0e03decc4d6f55c15d0ceae519,64
t100k,1,06fc08666f2aedf388ef94543817f070237d2833aa93085e8efd45b9ca6c4e61,06fc08666f2aedf388ef94543817f070237d2833aa93085e8efd45b9ca6c4e61,14
t100k,2,e4aefb74f809ae46ab3dff34181945637d468f6605a5d0fbcbd19ae833e85a0b,e4aefb74f809ae46ab3dff34181945637d468f6605a5d0fbcbd19ae833e85a0b,14
t100k,3,2b33db4275bb42f191ca5d8096a3be65536d2dff0d34e5b49cc33a4e553eaefd,2b33db4275bb42f191ca5d8096a3be65536d2dff0d34e5b49cc33a4e553eaefd,14
t100k,4,daf9baae89150d4c246f8732bf70a1ab128d343c02b883918849f27a85a6c62b,daf9baae89150d4c246f8732bf70a1ab128d343c02b883918849f27a85a6c62b,138977
t100k,5,7383cb9030cb08f76c7c48dd3ca6963467341d46ac8ff341bcde70ab1881321b,7383cb9030cb08f76c7c48dd3ca6963467341d46ac8ff341bcde70ab1881321b,289
t100k,6,22f6ba0f15c1583b5100ca6a413781c35f52c9c20cb9b793ab0537cb12ca64b6,22f6ba0f15c1583b5100ca6a413781c35f52c9c20cb9b793ab0537cb12ca64b6,1960
t100k,7,1c8d640043a6891baa382f84f4298f48613fb2f7af76fbf4d6c303da27ed6356,1c8d640043a6891baa382f84f4298f48613fb2f7af76fbf4d6c303da27ed6356,120
t100k,8,92605c80f32c54b37af7d5db857799508961de2b5809df5508ae46bd73168ff9,92605c80f32c54b37af7d5db857799508961de2b5809df5508ae46bd73168ff9,170102
t100k,9,71d55ebfe02a35bb0e87ce0825c7adb2d9f0972c48c574a3c7e832fb0a7f232e,71d55ebfe02a35bb0e87ce0825c7adb2d9f0972c48c574a3c7e832fb0a7f232e,672
t100k,10,6a224d3bdcecf4d463071429e4dd6f6590c4a404b2f0b72f43ed74dbcac619f1,6a224d3bdcecf4d463071429e4dd6f6590c4a404b2f0b72f43ed74dbcac619f1,326
t100k,11,13f1551d4f2fe4aca176df9d65d9c22bff2089ab1d795af391ec6bcc0af2c34a,13f1551d4f2fe4aca176df9d65d9c22bff2089ab1d795af391ec6bcc0af2c34a,6000
t100k,12,b86458c4cc53e0102a04652690344f1d319e4bb16a667e2770a6dbb722429068,b86458c4cc53e0102a04652690344f1d319e4bb16a667e2770a6dbb722429068,68
