phase,mode,query,repetition,compile_ms,execute_ms,serialize_ms,canonical_ms,total_ms,rows
baseline,warm,1,0,175.681,2737.272,8.915,16.168,2921.868,1
baseline,warm,1,1,17.073,659.110,0.093,0.701,676.277,1
baseline,warm,1,2,6.742,577.487,0.121,0.911,584.350,1
baseline,warm,1,3,13.458,549.964,0.110,0.886,563.532,1
baseline,warm,1,4,4.665,476.938,0.093,0.631,481.696,1
baseline,warm,1,5,4.672,415.619,0.087,0.774,420.377,1
baseline,warm,1,6,7.717,423.110,0.118,0.874,430.945,1
baseline,warm,1,7,4.385,417.718,0.094,0.729,422.197,1
baseline,warm,1,8,4.645,435.035,0.101,0.706,439.782,1
baseline,warm,1,9,3.807,436.271,0.114,0.631,440.191,1
baseline,warm,2,0,3.324,1154.916,0.103,0.732,1158.344,1
baseline,warm,2,1,3.764,290.739,0.092,0.681,294.594,1
baseline,warm,2,2,6.199,284.898,0.308,0.672,291.405,1
baseline,warm,2,3,3.267,302.275,0.113,0.635,305.654,1
baseline,warm,2,4,14.735,299.688,0.102,0.963,314.524,1
baseline,warm,2,5,5.695,352.979,0.097,0.638,358.771,1
baseline,warm,2,6,2.833,278.286,0.080,0.615,281.199,1
baseline,warm,2,7,2.864,276.773,0.068,0.642,279.704,1
baseline,warm,2,8,3.012,276.705,0.499,0.605,280.216,1
baseline,warm,2,9,2.607,276.822,0.120,0.556,279.548,1
baseline,warm,3,0,3.110,1433.453,0.068,0.643,1436.631,1
baseline,warm,3,1,3.158,1339.553,0.072,0.779,1342.783,1
baseline,warm,3,2,2.837,1327.766,0.065,0.571,1330.669,1
baseline,warm,3,3,2.559,1464.750,0.111,0.971,1467.419,1
baseline,warm,3,4,4.194,1568.825,0.099,0.823,1573.118,1
baseline,warm,3,5,5.831,1790.965,0.070,0.593,1796.866,1
baseline,warm,3,6,2.519,1920.606,0.095,0.591,1923.220,1
baseline,warm,3,7,2.242,1581.715,0.070,0.631,1584.027,1
baseline,warm,3,8,2.225,1298.010,0.086,0.607,1300.321,1
baseline,warm,3,9,2.440,1280.784,0.086,0.558,1283.310,1
baseline,warm,10,0,11.224,1276.021,0.496,2.104,1287.742,16
baseline,warm,10,1,5.762,1209.871,0.263,1.155,1215.896,16
baseline,warm,10,2,3.665,1098.128,0.320,1.757,1102.113,16
baseline,warm,10,3,5.754,1095.988,0.179,0.970,1101.922,16
baseline,warm,10,4,3.412,1077.458,0.153,0.922,1081.023,16
baseline,warm,10,5,3.166,1066.486,0.127,0.863,1069.778,16
baseline,warm,10,6,2.965,1104.009,0.110,0.773,1107.084,16
baseline,warm,10,7,3.148,1223.585,0.108,0.775,1226.842,16
baseline,warm,10,8,3.101,1105.181,0.116,1.084,1108.398,16
baseline,warm,10,9,3.458,1215.006,0.191,0.909,1218.654,16
baseline,warm,5,0,343.073,19601.328,6.274,16.032,19950.675,23
baseline,warm,5,1,7.526,8880.135,0.935,2.507,8888.596,23
baseline,warm,5,2,15.603,8183.070,0.373,1.763,8199.045,23
baseline,cold,1,0,177.059,2871.891,4.752,12.832,3053.702,1
baseline,cold,1,1,337.040,2465.237,5.309,12.639,2807.585,1
baseline,cold,1,2,205.253,2200.623,3.199,7.595,2409.074,1
baseline,cold,2,0,145.314,2287.428,4.908,12.838,2437.650,1
baseline,cold,2,1,141.080,1937.664,2.855,7.086,2081.599,1
baseline,cold,2,2,142.513,2170.982,2.921,8.251,2316.415,1
baseline,cold,3,0,314.868,4828.889,7.865,15.208,5151.622,1
baseline,cold,3,1,209.505,3598.582,5.169,10.293,3813.256,1
baseline,cold,3,2,143.204,3326.045,3.108,15.187,3472.358,1
baseline,cold,5,0,247.406,15909.357,3.921,15.408,16160.684,23
baseline,cold,5,1,254.784,15591.658,3.183,8.390,15849.625,23
baseline,cold,5,2,260.284,17349.955,3.204,9.189,17613.444,23
baseline,cold,10,0,228.036,3040.380,4.369,14.927,3272.785,16
baseline,cold,10,1,168.654,2979.880,3.448,8.879,3151.981,16
baseline,cold,10,2,167.273,2747.783,3.502,9.609,2918.558,16
after,warm,1,0,150.480,2393.664,5.475,14.577,2549.618,1
after,warm,1,1,12.474,149.757,0.090,0.911,162.321,1
after,warm,1,2,8.918,124.601,0.087,0.761,133.607,1
after,warm,1,3,6.056,117.250,0.192,1.056,123.499,1
after,warm,1,4,8.744,145.587,0.144,0.909,154.476,1
after,warm,1,5,8.083,146.580,0.135,1.044,154.798,1
after,warm,1,6,13.912,154.022,0.133,1.101,168.067,1
after,warm,1,7,5.687,99.638,0.099,0.765,105.423,1
after,warm,1,8,8.130,84.732,0.092,0.668,92.954,1
after,warm,1,9,4.154,91.069,0.099,0.634,95.322,1
after,warm,2,0,3.767,1301.527,0.094,0.897,1305.388,1
after,warm,2,1,4.428,57.711,0.087,0.666,62.226,1
after,warm,2,2,3.192,56.592,0.100,0.863,59.884,1
after,warm,2,3,3.344,60.174,0.122,0.590,63.640,1
after,warm,2,4,3.046,67.892,0.069,0.638,71.007,1
after,warm,2,5,6.173,60.850,0.213,0.675,67.236,1
after,warm,2,6,6.697,95.976,0.117,0.905,102.790,1
after,warm,2,7,4.600,65.289,0.086,0.652,69.975,1
after,warm,2,8,3.866,79.267,0.156,1.011,83.289,1
after,warm,2,9,5.036,58.526,0.334,0.649,63.896,1
after,warm,3,0,7.114,376.640,0.091,11.597,383.845,1
after,warm,3,1,2.776,297.546,0.067,0.595,300.389,1
after,warm,3,2,2.639,283.596,0.068,0.564,286.304,1
after,warm,3,3,2.445,248.616,0.092,0.556,251.153,1
after,warm,3,4,2.457,250.598,0.070,0.609,253.125,1
after,warm,3,5,3.301,275.775,0.085,0.601,279.161,1
after,warm,3,6,2.718,299.213,0.141,0.845,302.071,1
after,warm,3,7,4.009,365.762,0.071,0.686,369.843,1
after,warm,3,8,2.904,260.176,0.108,0.617,263.189,1
after,warm,3,9,2.368,297.306,0.091,0.565,299.765,1
after,warm,10,0,26.308,1522.564,0.651,12.350,1549.522,16
after,warm,10,1,5.822,1212.665,0.267,1.518,1218.754,16
after,warm,10,2,4.678,1327.786,0.234,1.399,1332.698,16
after,warm,10,3,3.320,1105.081,0.178,0.888,1108.580,16
after,warm,10,4,3.199,1103.160,0.156,0.825,1106.516,16
after,warm,10,5,4.204,1147.183,0.143,0.832,1151.530,16
after,warm,10,6,3.111,1185.324,0.115,0.810,1188.550,16
after,warm,10,7,3.157,1266.323,0.109,0.744,1269.589,16
after,warm,10,8,3.033,1150.210,0.119,0.730,1153.361,16
after,warm,10,9,3.066,1209.444,0.234,1.226,1212.743,16
after,warm,5,0,237.665,11736.270,3.131,18.443,11977.066,23
after,warm,5,1,6.442,1439.175,1.037,1.679,1446.653,23
after,warm,5,2,5.586,1429.993,0.261,1.341,1435.840,23
after,cold,1,0,174.143,2012.184,3.250,7.737,2189.577,1
after,cold,1,1,171.208,2034.275,3.190,6.696,2208.672,1
after,cold,1,2,142.682,2123.469,4.131,9.184,2270.282,1
after,cold,2,0,151.532,1869.024,5.262,12.343,2025.817,1
after,cold,2,1,167.031,1849.267,2.937,8.258,2019.235,1
after,cold,2,2,144.429,2100.514,4.787,10.938,2249.730,1
after,cold,3,0,330.340,2888.791,3.299,7.288,3222.431,1
after,cold,3,1,175.295,2526.736,3.188,7.944,2705.218,1
after,cold,3,2,209.065,2611.720,4.411,7.298,2825.195,1
after,cold,5,0,232.163,11766.559,5.252,9.031,12003.973,23
after,cold,5,1,190.449,10786.592,4.964,11.034,10982.006,23
after,cold,5,2,214.145,11399.992,5.555,10.305,11619.693,23
after,cold,10,0,233.603,2988.962,3.825,10.225,3226.390,16
after,cold,10,1,190.392,3058.861,6.348,11.517,3255.601,16
after,cold,10,2,217.764,3371.682,6.263,12.079,3595.709,16
