variant	round	ms	oracle
after	-5	1920.476	exact
before	-5	333.713	exact
before	-4	281.456	exact
after	-4	79.042	exact
after	-3	76.038	exact
before	-3	273.673	exact
before	-2	256.605	exact
after	-2	74.845	exact
after	-1	83.589	exact
before	-1	242.329	exact
before	0	228.348	exact
after	0	77.893	exact
after	1	74.936	exact
before	1	225.246	exact
before	2	224.544	exact
after	2	74.152	exact
after	3	74.284	exact
before	3	227.040	exact
before	4	226.035	exact
after	4	74.363	exact
after	5	74.319	exact
before	5	226.308	exact
before	6	224.135	exact
after	6	74.073	exact
after	7	76.791	exact
before	7	220.442	exact
before	8	225.135	exact
after	8	73.427	exact
