query,attempt,n,mean,sample_sd,min,max,spread,gc_affected_legs
2,1,20,0.56065,0.03733951624866355,0.459,0.6,0.14099999999999996,0
2,2,20,0.07325,0.01034598828939075,0.055,0.095,0.04,0
2,3,20,0.0471,0.00671917914786119,0.034,0.06,0.025999999999999995,0
2,4,20,0.03895,0.004297796252916016,0.031,0.047,0.016,0
2,5,20,0.0375,0.004071725355229776,0.029,0.044,0.014999999999999996,0
2,6,20,0.0395,0.005365582324800406,0.03,0.048,0.018000000000000002,0
2,7,20,0.0378,0.004479191656397037,0.03,0.045,0.015,0
2,8,20,0.03325,0.00373989867580168,0.029,0.042,0.013000000000000001,0
2,9,20,0.0343,0.0036863903325896627,0.029,0.04,0.011,0
2,10,20,0.0404,0.003362330019182343,0.035,0.046,0.010999999999999996,0
2,11,20,0.03735,0.002758241239783443,0.032,0.043,0.010999999999999996,0
2,12,20,0.0349,0.003322966334942004,0.03,0.041,0.011000000000000003,0
2,13,20,0.03825,0.004505844158306784,0.031,0.049,0.018000000000000002,0
2,14,20,0.0385,0.005826437026266793,0.03,0.051,0.020999999999999998,1
2,15,20,0.0417,0.016578680031261457,0.029,0.09,0.061,4
2,16,20,0.044199999999999996,0.018864056604530936,0.027,0.088,0.061,4
2,17,20,0.04385,0.018871518500807396,0.029,0.082,0.053000000000000005,4
2,18,20,0.04485,0.02102448447330923,0.027,0.087,0.06,5
2,19,20,0.0349,0.011461147182409016,0.025,0.081,0.056,1
2,20,20,0.035,0.01180989772227204,0.024,0.081,0.057,1
2,21,20,0.0328,0.004073017761342384,0.027,0.039,0.012,0
2,22,20,0.0328,0.004829732475973559,0.027,0.044,0.016999999999999998,0
2,23,20,0.03335,0.004891184336183448,0.026,0.041,0.015000000000000003,0
2,24,20,0.03485,0.0055845180727850776,0.026,0.044,0.018,0
2,25,20,0.032,0.0043286074094635975,0.027,0.046,0.019,0
2,26,20,0.03295,0.005276312508202157,0.025,0.042,0.017,0
2,27,20,0.03195,0.0033791154245795714,0.025,0.038,0.012999999999999998,0
2,28,20,0.0323,0.003867543760171578,0.027,0.039,0.012,0
2,29,20,0.031,0.004898979485566356,0.026,0.043,0.016999999999999998,0
2,30,20,0.0322,0.0043358966777357595,0.027,0.045,0.018,0
2,31,20,0.033549999999999996,0.004871776937249466,0.026,0.043,0.016999999999999998,0
2,32,20,0.03215,0.0038013155617496433,0.026,0.038,0.012,0
2,33,20,0.0311,0.0036404164018622055,0.024,0.038,0.013999999999999999,0
3,1,20,0.50345,0.021305978898940686,0.455,0.545,0.09000000000000002,20
3,2,20,0.09975,0.039172862518518314,0.035,0.159,0.124,0
3,3,20,0.0548,0.03206834806110881,0.025,0.125,0.1,0
3,4,20,0.0319,0.005693024355805047,0.025,0.047,0.022,0
3,5,20,0.0348,0.0030017538732863276,0.03,0.039,0.009000000000000001,0
3,6,20,0.02935,0.003099660422827331,0.025,0.035,0.010000000000000002,0
3,7,20,0.02995,0.002211810403980842,0.025,0.034,0.009000000000000001,0
3,8,20,0.02935,0.003065512750104399,0.025,0.034,0.009000000000000001,0
3,9,20,0.03035,0.004003616785910092,0.025,0.041,0.016,0
3,10,20,0.029750000000000002,0.003918579226951363,0.025,0.042,0.017,0
3,11,20,0.02945,0.003691740425384897,0.025,0.037,0.011999999999999997,0
3,12,20,0.03025,0.004102310003939372,0.025,0.038,0.012999999999999998,0
3,13,20,0.03325,0.003767939545833058,0.027,0.042,0.015000000000000003,0
3,14,20,0.03175,0.0036110211414793077,0.025,0.037,0.011999999999999997,0
3,15,20,0.0325,0.0029647046537910867,0.028,0.04,0.012,0
3,16,20,0.02935,0.0037455236440878397,0.025,0.036,0.010999999999999996,0
3,17,20,0.02945,0.0035611204623500767,0.023,0.036,0.012999999999999998,0
3,18,20,0.0292,0.0032052588367441266,0.024,0.036,0.011999999999999997,0
3,19,20,0.03325,0.002750598021100904,0.029,0.038,0.008999999999999998,0
3,20,20,0.0284,0.00397889167323872,0.024,0.037,0.012999999999999998,0
3,21,20,0.029,0.0036849623293082733,0.023,0.036,0.012999999999999998,0
3,22,20,0.0294,0.003589458249696713,0.024,0.039,0.015,0
3,23,20,0.0279,0.0025526044491233292,0.024,0.035,0.011000000000000003,0
3,24,20,0.029500000000000002,0.003034884893334421,0.025,0.035,0.010000000000000002,0
3,25,20,0.03255,0.002946451925175162,0.028,0.038,0.009999999999999998,0
3,26,20,0.02945,0.0037902228791568725,0.023,0.039,0.016,0
3,27,20,0.029500000000000002,0.004198997374060673,0.023,0.039,0.016,0
3,28,20,0.03135,0.004556949579892695,0.025,0.041,0.016,0
3,29,20,0.02955,0.0026847522673129655,0.025,0.034,0.009000000000000001,0
3,30,20,0.0308,0.004262443084972699,0.025,0.038,0.012999999999999998,0
3,31,20,0.0298,0.004085919338668504,0.023,0.039,0.016,0
3,32,20,0.0292,0.0031220775808830626,0.024,0.034,0.010000000000000002,0
3,33,20,0.0307,0.0034958622157600767,0.027,0.038,0.011,0
6,1,20,0.02805,0.005276312508202156,0.02,0.038,0.018,0
6,2,20,0.0157,0.003096687534158157,0.011,0.022,0.011,0
6,3,20,0.015349999999999999,0.003990449123911532,0.01,0.024,0.014,0
6,4,20,0.0142,0.003302311789927586,0.009,0.02,0.011000000000000001,0
6,5,20,0.01465,0.004016741281974207,0.009,0.023,0.014,0
6,6,20,0.01445,0.003953346350678252,0.009,0.022,0.013,0
6,7,20,0.0145,0.0043588989435406735,0.009,0.022,0.013,0
6,8,20,0.01435,0.004183614654691248,0.009,0.022,0.013,0
6,9,20,0.0146,0.0045352421162085255,0.009,0.025,0.016,0
6,10,20,0.01415,0.003937338133682116,0.009,0.022,0.013,0
6,11,20,0.01435,0.004295346318982906,0.009,0.025,0.016,0
6,12,20,0.0143,0.00407947365025905,0.009,0.022,0.013,0
6,13,20,0.01495,0.004019361038510318,0.009,0.021,0.012000000000000002,0
6,14,20,0.0143,0.003974921382870358,0.009,0.022,0.013,0
6,15,20,0.0157,0.004092354874769859,0.009,0.024,0.015000000000000001,0
6,16,20,0.01565,0.004003616785910092,0.01,0.023,0.013,0
6,17,20,0.015050000000000001,0.00413553280472388,0.009,0.023,0.014,0
6,18,20,0.015,0.0043407493895821605,0.009,0.023,0.014,0
6,19,20,0.0159,0.004423620807961684,0.009,0.024,0.015000000000000001,0
6,20,20,0.01675,0.004470664615609536,0.009,0.023,0.014,0
6,21,20,0.0161,0.004387782079701244,0.009,0.023,0.014,0
6,22,20,0.0155,0.0040587786599574896,0.009,0.022,0.013,0
6,23,20,0.01555,0.004032434291565019,0.009,0.022,0.013,0
6,24,20,0.01495,0.0038862104393544324,0.009,0.022,0.013,0
6,25,20,0.01495,0.004297796252916016,0.009,0.022,0.013,0
6,26,20,0.0174,0.004546832327074126,0.01,0.023,0.013,0
6,27,20,0.0174,0.004393775501535637,0.01,0.023,0.013,0
6,28,20,0.01605,0.004346504948019489,0.009,0.022,0.013,0
6,29,20,0.016649999999999998,0.004132986686086518,0.009,0.022,0.013,0
6,30,20,0.0155,0.004211513042276274,0.009,0.022,0.013,0
6,31,20,0.016050000000000002,0.004639362478889348,0.01,0.022,0.011999999999999999,0
6,32,20,0.01575,0.004482421807813037,0.01,0.024,0.014,0
6,33,20,0.0148,0.004560701700396552,0.009,0.024,0.015000000000000001,0
21,1,20,4.29,0.16125364132975492,3.998,4.679,0.681,20
21,2,20,0.26035,0.05615230697796279,0.188,0.348,0.15999999999999998,9
21,3,20,0.13949999999999999,0.03173989685918306,0.112,0.205,0.09299999999999999,1
21,4,20,0.1272,0.0175757009293483,0.108,0.164,0.05600000000000001,6
21,5,20,0.12185,0.014921813774330165,0.108,0.166,0.05800000000000001,3
21,6,20,0.1184,0.011708746168659788,0.103,0.148,0.045,6
21,7,20,0.1206,0.01337082448349469,0.097,0.147,0.04999999999999999,5
21,8,20,0.1173,0.011567194992737001,0.098,0.143,0.044999999999999984,2
21,9,20,0.11965,0.011235634102453257,0.1,0.14,0.04000000000000001,4
21,10,20,0.12025,0.012640265653437578,0.098,0.145,0.046999999999999986,5
21,11,20,0.1217,0.01129089059934228,0.102,0.139,0.03700000000000002,5
21,12,20,0.11855,0.011971347371734598,0.1,0.143,0.04299999999999998,6
21,13,20,0.11835,0.008171033562144034,0.106,0.136,0.030000000000000013,6
21,14,20,0.1202,0.011409137612134912,0.101,0.145,0.043999999999999984,7
21,15,20,0.1197,0.010598411003045394,0.102,0.151,0.049,8
21,16,20,0.1116,0.0077690343503450995,0.098,0.126,0.027999999999999997,1
21,17,20,0.11125,0.00699529917346755,0.1,0.126,0.025999999999999995,4
21,18,20,0.11215,0.005412218146301745,0.098,0.12,0.021999999999999992,0
21,19,20,0.11410000000000001,0.006214583866324354,0.102,0.124,0.022000000000000006,1
21,20,20,0.1121,0.008181493879803565,0.095,0.135,0.04000000000000001,4
21,21,20,0.11425,0.00781277631090322,0.098,0.132,0.034,3
21,22,20,0.11395,0.011057148199955966,0.096,0.151,0.05499999999999999,3
21,23,20,0.11285,0.006815423684555496,0.098,0.128,0.03,2
21,24,20,0.11345,0.006468343967679094,0.096,0.125,0.028999999999999998,2
21,25,20,0.11355,0.0055864026651184125,0.104,0.122,0.018000000000000002,1
21,26,20,0.11185,0.005705721966403092,0.102,0.123,0.021000000000000005,2
21,27,20,0.1127,0.007547045430951249,0.094,0.125,0.031,3
21,28,20,0.11410000000000001,0.008825203143628809,0.093,0.134,0.04100000000000001,3
21,29,20,0.1126,0.005959512519802624,0.101,0.124,0.022999999999999993,1
21,30,20,0.11175,0.004908370937812047,0.103,0.121,0.018000000000000002,1
21,31,20,0.11265,0.00776818748757426,0.096,0.132,0.036000000000000004,1
21,32,20,0.1151,0.006273587070954071,0.101,0.123,0.021999999999999992,4
21,33,20,0.1147,0.008013803880279263,0.101,0.135,0.034,3
42,1,20,0.5165500000000001,0.03865158129808023,0.418,0.566,0.14799999999999996,10
42,2,20,0.164,0.04456219781029893,0.062,0.257,0.195,1
42,3,20,0.0979,0.05453622649212173,0.04,0.178,0.13799999999999998,2
42,4,20,0.06625,0.0278187271266564,0.042,0.136,0.094,1
42,5,20,0.0534,0.008665721945810705,0.042,0.07,0.028000000000000004,0
42,6,20,0.050499999999999996,0.007950504783709615,0.039,0.064,0.025,0
42,7,20,0.04735,0.006838551708781926,0.039,0.062,0.023,0
42,8,20,0.0456,0.00620186729096462,0.039,0.063,0.024,0
42,9,20,0.04425,0.0047114083267164,0.038,0.056,0.018000000000000002,0
42,10,20,0.0429,0.0042413999674883905,0.035,0.053,0.017999999999999995,0
42,11,20,0.0426,0.004535242116208525,0.037,0.055,0.018000000000000002,0
42,12,20,0.04485,0.013192003159809396,0.036,0.099,0.063,1
42,13,20,0.0448,0.003533300231556298,0.04,0.053,0.012999999999999998,0
42,14,20,0.04405,0.005175600651640654,0.036,0.058,0.022000000000000006,0
42,15,20,0.04735,0.013569606130109886,0.039,0.101,0.062000000000000006,1
42,16,20,0.04225,0.0034469666298600024,0.037,0.05,0.013000000000000005,0
42,17,20,0.04195,0.003203205631205945,0.036,0.049,0.013000000000000005,0
42,18,20,0.0433,0.004366137640379291,0.037,0.053,0.016,0
42,19,20,0.0489,0.017841111600959587,0.036,0.099,0.063,2
42,20,20,0.0473,0.014400657879708866,0.038,0.104,0.066,1
42,21,20,0.04505,0.007430201527337069,0.037,0.069,0.03200000000000001,3
42,22,20,0.05,0.016482845947418057,0.036,0.097,0.061000000000000006,3
42,23,20,0.04525,0.0137300093916478,0.037,0.102,0.065,1
42,24,20,0.05025,0.01643768135781481,0.037,0.092,0.055,4
42,25,20,0.04515,0.01301122996734582,0.037,0.098,0.061000000000000006,1
42,26,20,0.04345,0.004489461343846803,0.037,0.051,0.013999999999999999,1
42,27,20,0.0433,0.006705064857019812,0.036,0.063,0.027000000000000003,3
42,28,20,0.04585,0.012503788899453848,0.036,0.09,0.054,2
42,29,20,0.04175,0.004777964772622445,0.037,0.055,0.018000000000000002,1
42,30,20,0.04265,0.005173566417248764,0.037,0.057,0.020000000000000004,3
42,31,20,0.04375,0.0051080431931570325,0.038,0.06,0.022,2
42,32,20,0.0417,0.004414092265269926,0.037,0.055,0.018000000000000002,1
42,33,20,0.0414,0.004296877691386717,0.037,0.056,0.019000000000000003,2
