query,full_cold_mean_s,split_cold_mean_s,cold_ratio_means,full_hot_mean_s,split_hot_mean_s,hot_ratio_means,mean_ln_shift_vs_full,ln_sd_ratio
0,0.04895000000000001,0.04640000000000001,0.9479060265577121,0.0010500000000000002,0.0010500000000000002,1.0,0.0,0.9999999999999998
1,0.37435,0.36290000000000006,0.969413650327234,0.03325000000000001,0.03300000000000001,0.9924812030075187,-0.008212860420038881,1.2536399174796176
2,0.2955,0.2930499999999999,0.9917089678510996,0.044550000000000006,0.04680000000000001,1.0505050505050506,0.0386013523533022,1.0604352918001234
3,0.5458000000000001,0.5143500000000001,0.9423781604983511,0.04315000000000001,0.04025,0.9327925840092699,-0.021208433208386168,0.4139073062235276
4,0.4184500000000001,0.42095000000000005,1.0059744294419881,0.31135,0.3139,1.008190139714148,0.008057574504330312,0.8796909836840894
5,2.08775,1.9908000000000001,0.9535624476110645,0.65655,0.6540000000000001,0.9961160612291526,-0.003750841670735028,0.867409049255738
6,0.038450000000000005,0.04085000000000001,1.0624187256176854,0.021500000000000002,0.022750000000000003,1.058139534883721,0.04558731981452979,0.7932005155212283
7,0.2173,0.2152,0.99033594109526,0.021900000000000003,0.023450000000000006,1.0707762557077627,0.046715162925202836,1.0227376938491837
8,1.5460500000000001,1.58005,1.021991526794088,0.6706000000000001,0.6587,0.9822546972860123,-0.01730520388035206,0.48605430426563695
9,1.0830499999999998,1.04405,0.9639905821522553,0.7621500000000001,0.7463,0.9792035688512758,-0.0206608808553419,0.891443992019395
10,1.442,1.2488999999999997,0.8660887656033285,0.2822,0.28969999999999996,1.0265768958185681,0.027771447788003112,0.7486784655756479
11,1.444,1.4794500000000002,1.024549861495845,0.23865000000000003,0.24514999999999992,1.0272365388644453,0.02268353316598537,2.0815338934187078
12,1.6553499999999999,1.6638000000000002,1.005104660645785,0.7685,0.7665,0.9973975276512687,-0.0026825729125636855,1.4084303247513197
13,2.7561999999999998,2.7401500000000003,0.9941767651113854,2.5538999999999996,2.5122,0.9836720310113944,-0.016191675374652714,0.9559655886932763
14,2.0482000000000005,2.0001500000000005,0.9765403769163168,0.9331000000000002,0.9355000000000002,1.002572071589326,0.0025388745056860174,1.0066865451377094
15,1.1653999999999998,1.02765,0.8818002402608548,0.43565,0.43479999999999996,0.9980488924595432,-0.0018667915109880084,0.8361749342310056
16,4.0024500000000005,3.9881,0.9964146959987007,2.0165,2.00795,0.9957599801636499,-0.0042505504682850415,1.0867004151606485
17,0.23349999999999999,0.1887,0.8081370449678802,0.04880000000000001,0.04805000000000001,0.9846311475409836,-0.012069179110753891,0.9289174367280245
18,6.447749999999999,6.433449999999999,0.9977821720755301,3.9228499999999995,3.8876000000000004,0.9910141861146873,-0.008982595251563641,0.7889745908213158
19,0.030550000000000004,0.021700000000000004,0.7103109656301146,0.012250000000000002,0.012000000000000002,0.9795918367346939,-0.011100002030606682,0.9598639943639633
20,1.9133499999999999,1.6980500000000003,0.8874748477800718,0.031450000000000006,0.03500000000000001,1.1128775834658189,0.08040044499573323,1.095911919091076
21,0.26034999999999997,4.563650000000001,17.52890339927022,0.18475,0.16855,0.9123139377537213,-0.09540410165448354,1.3820499229773284
22,5.272450000000001,5.0103,0.9502792819277563,0.32900000000000007,0.3158500000000001,0.9600303951367781,-0.04793766144073919,1.9280895419858393
23,0.49555,0.39635000000000004,0.7998183836141661,0.11915,0.07375000000000002,0.6189676877885021,-0.42281633740703606,0.35520081828008465
24,0.07215,0.06680000000000001,0.925848925848926,0.017750000000000005,0.019950000000000002,1.1239436619718308,0.0763130823406375,0.9947928818165986
25,0.32125,0.21790000000000004,0.6782879377431908,0.10625000000000002,0.0864,0.8131764705882352,-0.17317257638873018,0.6215064519725225
26,0.0468,0.030400000000000003,0.6495726495726496,0.022600000000000002,0.019350000000000003,0.8561946902654868,-0.10284358768987989,0.7568538187540433
27,1.5305,1.3993,0.9142763802678863,0.2048,0.25279999999999997,1.2343749999999998,0.1979844045449043,3.4814853866061806
28,12.08295,11.7325,0.9709963212626055,8.6339,8.429699999999999,0.976349042726925,-0.023867938736312544,0.8843597243097056
29,0.17595,0.26585000000000003,1.5109406081273091,0.03275000000000001,0.05215000000000001,1.5923664122137404,0.37403278607423984,1.0620534148966292
30,1.9717499999999997,2.1383,1.0844681120831752,0.5224000000000001,0.5173500000000001,0.990333078101072,-0.009445762048211792,0.5775360013586578
31,1.7965499999999994,1.73295,0.964598814394256,1.4950999999999999,1.50335,1.0055180255501306,0.0053582976096127055,1.046309583783302
32,8.8857,9.15645,1.0304703062223572,6.810199999999999,6.780749999999999,0.9956756042406978,-0.004332415290136282,1.1285621466539817
33,2.68965,3.0238500000000004,1.12425408510401,2.2511,2.2216,0.986895295633246,-0.013129987602188198,0.9864587541351588
34,2.2234,2.1946000000000003,0.9870468651614647,2.1755000000000004,2.1515,0.9889680533210754,-0.011008141880215927,0.8997272812835445
35,0.63025,0.73865,1.1719952399841334,0.3929500000000001,0.39774999999999994,1.0122152945667384,0.011729761926905447,1.428003353815349
36,0.25864999999999994,0.35660000000000003,1.3786970809974874,0.07000000000000002,0.07295,1.0421428571428568,0.03143816516994136,1.2801879105932852
37,0.32895,0.2855,0.8679130566955463,0.04560000000000001,0.04605,1.0098684210526314,0.006961481027113248,1.1049772803781455
38,0.26105,0.25025,0.9586286152078145,0.0402,0.03925000000000001,0.9763681592039802,-0.020920750683345535,1.578519160183532
39,0.6089,0.5802,0.9528658236163574,0.28355,0.24,0.8464115676247574,-0.17926241569568457,1.4051473872250628
40,0.08165,0.0902,1.104715248009798,0.029050000000000003,0.044050000000000006,1.5163511187607575,0.3247779664881618,1.1551200351325823
41,0.07625,0.0913,1.197377049180328,0.0403,0.055349999999999996,1.3734491315136474,0.25831664234303053,2.427001916756888
42,0.2105,0.33785,1.6049881235154395,0.03935000000000001,0.1295,3.290978398983481,0.9820042932500774,3.7381973479176214
