query,n,mean_hot_s,sample_sd_hot_s,min_hot_s,max_hot_s,mean_ln,sample_sd_ln,min_ln,max_ln
0,9,0.001,0.0,0.001,0.001,0.09531017980432474,0.0,0.09531017980432474,0.09531017980432474
1,9,0.03166666666666667,0.002121320343559642,0.029,0.036,1.3306798309711543,0.050066427197748536,1.265666373331276,1.4307461236907244
2,9,0.04677777777777778,0.00426549463068991,0.043,0.054,1.7341645029800052,0.07256840970687974,1.667706820558076,1.8562979903656263
3,9,0.04522222222222222,0.00882861509209935,0.034,0.059,1.292279139793396,0.15647576236449212,1.0761394328160512,1.5260563034950492
4,9,0.30477777777777776,0.008027729719194871,0.292,0.316,1.2972299652061283,0.025542616178370562,1.256079721121362,1.3325500851132
5,9,0.667,0.028866070047722098,0.644,0.721,2.0625383545517,0.04174822841240964,2.028760055203691,2.1400661634962708
6,9,0.02388888888888889,0.005840471822645078,0.016,0.032,1.2068987024979436,0.17634131208016712,0.9555114450274363,1.4350845252893227
7,9,0.031222222222222224,0.023951919431319996,0.016,0.094,0.9871954191232027,0.4043953735193701,0.6190392084062235,2.005333569526114
8,9,0.6857777777777778,0.04894583173718107,0.661,0.814,1.4072303138926785,0.06553978037513926,1.37297069992142,1.5783720928592098
9,9,0.7786666666666666,0.03229163978493504,0.736,0.826,1.2015420384831144,0.04080055963729003,1.1466654590686296,1.2605684719495702
10,9,0.2614444444444445,0.02323849775217361,0.228,0.31,2.045253780146645,0.08365377187035933,1.916922612182061,2.2129729343043585
11,9,0.2391111111111111,0.019611504560107334,0.215,0.286,1.877732051404135,0.07501075101822513,1.7785142424780345,2.0527732945976744
12,9,0.7773333333333333,0.02114828598255662,0.75,0.81,1.5266695641852734,0.026730510824732396,1.4916548767777167,1.567640783755639
13,9,2.7495555555555558,0.4711563198958259,2.362,3.894,2.146409887713602,0.15349571360451372,2.0062976573327713,2.5045658447481385
14,9,0.9333333333333333,0.032124756808418004,0.89,0.983,1.5862152727306784,0.03399651505098951,1.539704574419425,1.638040475140287
15,9,0.4507777777777778,0.046617533658961874,0.432,0.575,1.060055222448232,0.09108314708073419,1.0224056798574666,1.3027076450116248
16,9,2.0354444444444444,0.05106395771753087,1.954,2.124,2.3098881653310417,0.024914164299392683,2.2695325098726236,2.3525474528199113
17,9,0.049999999999999996,0.009886859966642592,0.04,0.072,1.7807681477742152,0.15382813783279062,1.6094379124341003,2.1041341542702074
18,9,3.933333333333333,0.029368350311176815,3.883,3.974,1.5274865874372536,0.007459583965216509,1.5146649714687137,1.5377712425627468
19,9,0.013,0.0016583123951777,0.01,0.015,0.8305129655420501,0.07410408714853682,0.6931471805599453,0.9162907318741551
20,9,0.030444444444444444,0.006287112037953338,0.023,0.045,-0.5440003766002963,0.14572597844290064,-0.737598943130779,-0.22677331936478834
21,9,0.18511111111111112,0.025072118201522407,0.13,0.218,1.7100195977132875,0.13990299798247094,1.3862943611198906,1.873997567465027
22,9,0.34344444444444444,0.027906590221268113,0.317,0.409,2.431150521516828,0.07504959962858268,2.355972966412107,2.6038837154369916
23,9,0.11288888888888889,0.0155840017681952,0.073,0.125,1.276154499525582,0.1478286124201359,0.8924800831804365,1.378914253822268
24,9,0.019222222222222224,0.0025385910352879694,0.015,0.022,1.0689035362597281,0.08855798916738494,0.9162907318741551,1.1631508098056809
25,9,0.09044444444444444,0.015117135237133317,0.075,0.126,2.298003269366892,0.13873189542123074,2.1400661634962708,2.6100697927420065
26,9,0.020444444444444446,0.0015898986690282423,0.017,0.022,1.1120538738051762,0.0539156736383666,0.9932517730102834,1.1631508098056809
27,9,0.20766666666666667,0.007331439149307587,0.198,0.219,0.8391696467936935,0.03349185647605378,0.7942432974313142,0.8904272212842358
28,9,9.018444444444444,0.9816283806908692,8.532,11.612,1.9280952995493,0.09758535881917998,1.87726073777719,2.1851654190108287
29,9,0.034777777777777776,0.003898005187842167,0.03,0.041,1.0902889266366749,0.0871581637097125,0.9808292530117263,1.2237754316221159
30,9,0.526888888888889,0.006936217348894943,0.517,0.541,1.7424226301178036,0.01286306690041746,1.7239057662713584,1.7684400268829106
31,9,2.3193333333333332,1.216987469122012,1.414,4.361,2.714416819878356,0.4640975727123863,2.3267511588412293,3.4482731617326228
32,9,6.825444444444444,0.020199697467481674,6.794,6.848,2.977670406230771,0.0029577447350835717,2.973063473741278,2.980968653248391
33,9,2.2804444444444445,0.03967401892646849,2.229,2.357,2.1491198985329016,0.01724891772442599,2.126535958198505,2.182129951113734
34,9,2.1814444444444447,0.04289263080970647,2.123,2.253,2.1048979810991835,0.019509670229807593,2.078036060071101,2.1371979872332876
35,9,0.39722222222222225,0.00389800518784217,0.392,0.403,1.118969202287612,0.009569280523013996,1.1061029603972672,1.133098464739279
36,9,0.07388888888888889,0.00914391114956347,0.06,0.085,1.428273171197946,0.11219126117128093,1.2527629684953678,1.55814461804655
37,9,0.04711111111111111,0.006153138313991577,0.04,0.062,1.3322430298723715,0.10063790363883339,1.2039728043259361,1.5686159179138452
38,9,0.03988888888888889,0.0019002923751652299,0.038,0.044,1.344219668492767,0.03740204169056339,1.3062516534463542,1.4240346891027376
39,9,0.3028888888888889,0.03744477414955404,0.264,0.37,2.305805727999454,0.1153026752788456,2.179140901902924,2.5061840482352853
40,9,0.030111111111111113,0.004013864859597432,0.026,0.039,1.202584738534217,0.09519797197277631,1.0986122886681096,1.4069136483226263
41,9,0.042,0.0031224989991991987,0.037,0.047,1.3846862725093523,0.060213620823768195,1.2851982442485217,1.4781019103730133
42,9,0.04044444444444444,0.004503085362035432,0.033,0.049,1.2782917329270473,0.08899806252204032,1.122142786078304,1.4384801142904609
