leg,query,chosen_try,hot_s,ln,cpu_s,busy_cores,gc_count,gc_pause_s
quiet50-01,0,2,0.001,0.09531017980432474,0.0,0.0,0.0,0.0
quiet50-01,1,3,0.028,1.2396908869280152,0.2,6.2,0.0,0.0
quiet50-01,2,3,0.042,1.6486586255873816,0.4,9.7,0.0,0.0
quiet50-01,3,3,0.034,1.0761394328160512,0.3,10.0,0.0,0.0
quiet50-01,4,3,0.311,1.3170938268765082,4.0,13.0,0.0,0.0
quiet50-01,5,3,0.654,2.0439348532229262,6.8,10.4,2.0,0.03
quiet50-01,6,3,0.014,0.8754687373538999,0.1,6.4,0.0,0.0
quiet50-01,7,3,0.021,0.7949298748698876,0.2,9.2,0.0,0.0
quiet50-01,8,2,0.74,1.4842747694800942,10.4,14.0,1.0,0.02
quiet50-01,9,3,0.758,1.175729592012541,11.7,15.4,0.0,0.0
quiet50-01,10,3,0.248,1.9976115234322036,1.6,6.4,2.0,0.0
quiet50-01,11,3,0.243,1.8958033290011345,1.5,6.3,1.0,0.02
quiet50-01,12,2,0.749,1.49033822089297,9.8,13.0,1.0,0.03
quiet50-01,13,3,2.797,2.174680473577038,33.5,12.0,10.0,0.7
quiet50-01,14,3,0.924,1.576786249323957,13.2,14.3,3.0,0.02
quiet50-01,15,3,0.438,1.0358890301947536,8.1,18.5,0.0,0.0
quiet50-01,16,3,1.985,2.2851933502821766,28.4,14.3,1.0,0.01
quiet50-01,17,2,0.053,1.840549633397487,0.4,7.1,0.0,0.0
quiet50-01,18,3,3.891,1.5167178333649143,63.9,16.4,3.0,0.01
quiet50-01,19,3,0.009,0.6418538861723947,0.0,2.2,0.0,0.0
quiet50-01,20,3,0.033,-0.4729063889036968,0.4,12.9,0.0,0.0
quiet50-01,21,3,0.194,1.7627719323548026,2.3,11.9,0.0,0.0
quiet50-01,22,2,0.333,2.4037432426807936,2.7,8.1,0.0,0.0
quiet50-01,23,3,0.113,1.285823830756256,0.4,3.3,0.0,0.0
quiet50-01,24,2,0.015,0.9162907318741551,0.0,2.7,0.0,0.0
quiet50-01,25,3,0.091,2.312535423847214,0.6,7.0,0.0,0.0
quiet50-01,26,2,0.022,1.1631508098056809,0.1,2.3,0.0,0.0
quiet50-01,27,2,0.207,0.8366025712704557,3.6,17.4,0.0,0.0
quiet50-01,28,3,8.468,1.8697401382883605,76.2,9.0,21.0,0.45
quiet50-01,29,3,0.031,1.0055218656020977,0.3,8.7,0.0,0.0
quiet50-01,30,2,0.528,1.7445637778917806,9.1,17.3,0.0,0.0
quiet50-01,31,3,1.455,2.355136588320476,25.1,17.3,3.0,0.04
quiet50-01,32,3,6.823,2.9773166150063037,127.0,18.6,0.0,0.0
quiet50-01,33,3,2.235,2.129212141776105,31.4,14.1,5.0,0.07
quiet50-01,34,3,2.155,2.0929269820363405,29.8,13.8,2.0,0.04
quiet50-01,35,3,0.394,1.1110657497393963,7.3,18.4,0.0,0.0
quiet50-01,36,3,0.08,1.5040773967762742,0.4,4.4,0.0,0.0
quiet50-01,37,3,0.047,1.3350010667323402,0.2,4.9,0.0,0.0
quiet50-01,38,3,0.04,1.3470736479666092,0.2,5.0,0.0,0.0
quiet50-01,39,3,0.216,1.9865477947871397,2.1,9.5,0.0,0.0
quiet50-01,40,3,0.029,1.1786549963416462,0.2,6.9,0.0,0.0
quiet50-01,41,2,0.037,1.2851982442485217,0.2,5.1,0.0,0.0
quiet50-01,42,3,0.034,1.1451323043030026,0.2,5.8,0.0,0.0
quiet50-02,0,2,0.001,0.09531017980432474,0.0,7.2,0.0,0.0
quiet50-02,1,3,0.036,1.4307461236907244,0.3,7.7,0.0,0.0
quiet50-02,2,3,0.037,1.547562508716013,0.3,9.3,0.0,0.0
quiet50-02,3,3,0.042,1.2431935174792175,0.4,8.3,0.0,0.0
quiet50-02,4,3,0.337,1.3949774836933517,4.0,12.0,0.0,0.0
quiet50-02,5,3,0.657,2.048442749662116,6.9,10.5,2.0,0.03
quiet50-02,6,2,0.026,1.2809338454620642,0.2,5.8,1.0,0.0
quiet50-02,7,2,0.03,1.0498221244986776,0.3,10.5,0.0,0.0
quiet50-02,8,3,0.652,1.3594671188867464,9.6,14.7,0.0,0.0
quiet50-02,9,3,0.743,1.1560050866647622,11.4,15.4,0.0,0.0
quiet50-02,10,3,0.273,2.0900988361538237,1.8,6.5,2.0,0.0
quiet50-02,11,2,0.248,1.9153734251952317,1.8,7.2,2.0,0.0
quiet50-02,12,2,0.775,1.5240201612797486,9.7,12.5,1.0,0.03
quiet50-02,13,3,2.745,2.1559816188021705,32.9,12.0,11.0,0.71
quiet50-02,14,2,0.918,1.570341543881315,12.7,13.8,0.0,0.0
quiet50-02,15,2,0.435,1.0291700799460086,8.3,19.1,0.0,0.0
quiet50-02,16,3,1.996,2.2906919894800932,28.3,14.2,1.0,0.01
quiet50-02,17,3,0.047,1.7404661748405046,0.3,6.0,0.0,0.0
quiet50-02,18,3,3.988,1.5412791389186034,63.7,16.0,3.0,0.01
quiet50-02,19,2,0.011,0.7419373447293771,0.0,2.6,0.0,0.0
quiet50-02,20,2,0.031,-0.5205344378929514,0.4,13.5,0.0,0.0
quiet50-02,21,3,0.177,1.6757605553651729,2.3,13.1,0.0,0.0
quiet50-02,22,3,0.324,2.377153788491554,2.8,8.6,0.0,0.0
quiet50-02,23,3,0.074,0.9044562742271521,0.3,4.4,0.0,0.0
quiet50-02,24,3,0.016,0.9555114450274363,0.1,3.1,0.0,0.0
quiet50-02,25,2,0.09,2.3025850929940455,0.7,8.2,0.0,0.0
quiet50-02,26,3,0.024,1.2237754316221159,0.2,7.9,0.0,0.0
quiet50-02,27,3,0.22,0.8947845266531916,4.0,18.1,0.0,0.0
quiet50-02,28,3,8.504,1.8739774327638756,74.2,8.7,17.0,0.4
quiet50-02,29,2,0.037,1.1420974006078486,0.3,7.9,0.0,0.0
quiet50-02,30,2,0.51,1.7105340293054692,9.2,18.0,0.0,0.0
quiet50-02,31,2,1.461,2.3592237874707456,26.0,17.8,1.0,0.12
quiet50-02,32,3,6.83,2.9783405308421216,125.3,18.3,0.0,0.0
quiet50-02,33,3,2.196,2.111687541413198,31.0,14.1,4.0,0.05
quiet50-02,34,2,2.149,2.0901517721145577,30.3,14.1,2.0,0.07
quiet50-02,35,3,0.389,1.0986122886681098,7.3,18.9,0.0,0.0
quiet50-02,36,3,0.061,1.2669476034873244,0.4,5.8,0.0,0.0
quiet50-02,37,3,0.039,1.1837700970084166,0.2,5.1,0.0,0.0
quiet50-02,38,3,0.038,1.3062516534463542,0.2,5.2,0.0,0.0
quiet50-02,39,3,0.343,2.4324808524481507,3.8,11.0,0.0,0.0
quiet50-02,40,3,0.027,1.126011262856224,0.2,6.2,0.0,0.0
quiet50-02,41,3,0.038,1.3062516534463542,0.2,5.0,0.0,0.0
quiet50-02,42,3,0.038,1.2321436812926323,0.2,6.3,0.0,0.0
quiet50-03,0,3,0.001,0.09531017980432474,0.0,7.7,0.0,0.0
quiet50-03,1,3,0.036,1.4307461236907244,0.2,6.6,0.0,0.0
quiet50-03,2,3,0.049,1.7749523509116738,0.4,7.3,0.0,0.0
quiet50-03,3,3,0.056,1.4816045409242156,0.6,11.1,0.0,0.0
quiet50-03,4,3,0.295,1.2659644803539039,3.8,13.0,0.0,0.0
quiet50-03,5,3,0.655,2.0454397444023464,7.0,10.8,2.0,0.02
quiet50-03,6,2,0.029,1.3609765531356006,0.2,6.2,1.0,0.0
quiet50-03,7,3,0.024,0.8873031950009029,0.3,13.0,0.0,0.0
quiet50-03,8,3,0.666,1.3803946389927024,9.9,14.8,0.0,0.0
quiet50-03,9,3,0.757,1.174426660232125,11.7,15.4,0.0,0.0
quiet50-03,10,3,0.251,2.0091723458332797,1.7,6.6,2.0,0.0
quiet50-03,11,3,0.236,1.867745376205977,1.5,6.5,1.0,0.02
quiet50-03,12,3,0.764,1.5099083170870673,9.8,12.8,1.0,0.03
quiet50-03,13,2,2.778,2.1678886690955697,34.4,12.4,10.0,0.5
quiet50-03,14,3,0.917,1.5692633766609696,12.5,13.7,1.0,0.01
quiet50-03,15,2,0.432,1.0224056798574666,8.2,19.0,0.0,0.0
quiet50-03,16,3,2.047,2.31579791061117,29.1,14.2,2.0,0.07
quiet50-03,17,2,0.064,2.001480000210124,0.6,9.2,0.0,0.0
quiet50-03,18,3,3.948,1.531223750020769,64.2,16.3,3.0,0.01
quiet50-03,19,2,0.015,0.9162907318741551,0.0,2.0,0.0,0.0
quiet50-03,20,3,0.037,-0.38395890288720075,0.5,13.1,0.0,0.0
quiet50-03,21,3,0.173,1.6541380913520072,2.2,12.5,0.0,0.0
quiet50-03,22,2,0.344,2.435309708648628,2.9,8.5,0.0,0.0
quiet50-03,23,3,0.116,1.3099213823353166,0.4,3.2,0.0,0.0
quiet50-03,24,2,0.019,1.0647107369924282,0.0,2.1,0.0,0.0
quiet50-03,25,3,0.11,2.4849066497880004,1.1,9.8,2.0,0.0
quiet50-03,26,2,0.021,1.1314021114911006,0.1,2.9,0.0,0.0
quiet50-03,27,2,0.201,0.8085633512060626,3.6,17.8,0.0,0.0
quiet50-03,28,2,8.603,1.8855382551649518,75.2,8.7,19.0,0.44
quiet50-03,29,2,0.037,1.1420974006078486,0.3,7.9,0.0,0.0
quiet50-03,30,3,0.524,1.737101056690191,9.2,17.5,0.0,0.0
quiet50-03,31,3,1.421,2.331654846425759,25.5,17.9,1.0,0.02
quiet50-03,32,3,6.824,2.977462952900763,125.8,18.4,0.0,0.0
quiet50-03,33,3,2.223,2.123852593439908,31.2,14.0,4.0,0.07
quiet50-03,34,3,2.13,2.0813124496156474,29.3,13.7,2.0,0.04
quiet50-03,35,3,0.392,1.1061029603972672,7.2,18.5,0.0,0.0
quiet50-03,36,3,0.058,1.2237754316221159,0.3,5.2,0.0,0.0
quiet50-03,37,3,0.042,1.2431935174792175,0.2,5.3,0.0,0.0
quiet50-03,38,2,0.041,1.366876275262789,0.3,6.9,0.0,0.0
quiet50-03,39,3,0.337,2.415337575461713,3.7,11.0,0.0,0.0
quiet50-03,40,2,0.029,1.1786549963416462,0.2,5.9,0.0,0.0
quiet50-03,41,3,0.038,1.3062516534463542,0.2,4.2,0.0,0.0
quiet50-03,42,2,0.041,1.2927683031090673,0.2,5.6,0.0,0.0
quiet50-04,0,3,0.001,0.09531017980432474,0.0,0.0,0.0,0.0
quiet50-04,1,3,0.031,1.3156767939059373,0.2,6.2,0.0,0.0
quiet50-04,2,3,0.047,1.7404661748405046,0.5,10.3,0.0,0.0
quiet50-04,3,3,0.039,1.1837700970084166,0.4,9.3,0.0,0.0
quiet50-04,4,3,0.308,1.3077040865266691,3.9,12.7,0.0,0.0
quiet50-04,5,3,0.641,2.0241623459550615,6.8,10.6,2.0,0.03
quiet50-04,6,2,0.031,1.410986973710262,0.2,6.4,1.0,0.0
quiet50-04,7,2,0.032,1.0986122886681098,0.3,8.9,0.0,0.0
quiet50-04,8,2,0.669,1.3848226905084344,10.0,15.0,1.0,0.01
quiet50-04,9,3,0.749,1.1639416362604986,11.5,15.4,0.0,0.0
quiet50-04,10,3,0.304,2.1940449244188396,2.3,7.4,2.0,0.06
quiet50-04,11,3,0.237,1.8718021769015913,1.6,6.7,1.0,0.02
quiet50-04,12,2,0.763,1.508615492084762,9.6,12.6,1.0,0.03
quiet50-04,13,3,2.825,2.184606113377008,33.8,12.0,12.0,0.74
quiet50-04,14,2,0.965,1.6197472820929617,13.0,13.5,1.0,0.07
quiet50-04,15,3,0.449,1.0601460078403135,8.2,18.3,0.0,0.0
quiet50-04,16,2,2.047,2.31579791061117,28.8,14.1,4.0,0.04
quiet50-04,17,2,0.043,1.667706820558076,0.3,6.3,0.0,0.0
quiet50-04,18,3,3.881,1.5141510968428114,63.3,16.3,1.0,0.01
quiet50-04,19,3,0.014,0.8754687373538999,0.0,2.1,0.0,0.0
quiet50-04,20,3,0.023,-0.737598943130779,0.3,13.2,0.0,0.0
quiet50-04,21,3,0.201,1.7965100719866527,2.7,13.3,0.0,0.0
quiet50-04,22,2,0.307,2.3249145693921345,2.3,7.6,0.0,0.0
quiet50-04,23,3,0.12,1.3411739258394209,0.4,2.9,0.0,0.0
quiet50-04,24,2,0.021,1.1314021114911006,0.1,2.4,0.0,0.0
quiet50-04,25,3,0.085,2.2512917986064953,0.5,6.2,0.0,0.0
quiet50-04,26,2,0.022,1.1631508098056809,0.1,2.3,0.0,0.0
quiet50-04,27,3,0.208,0.841200280519085,3.6,17.1,0.0,0.0
quiet50-04,28,2,8.868,1.9158418717697587,74.2,8.4,20.0,0.47
quiet50-04,29,2,0.033,1.0531499145913525,0.3,8.7,0.0,0.0
quiet50-04,30,2,0.525,1.7389719646260027,9.2,17.6,0.0,0.0
quiet50-04,31,2,1.585,2.440155082088253,25.7,16.2,1.0,0.16
quiet50-04,32,2,6.838,2.9795094380471037,126.2,18.5,0.0,0.0
quiet50-04,33,3,2.252,2.136755998275816,31.7,14.1,5.0,0.08
quiet50-04,34,3,2.226,2.12519517587474,31.0,13.9,5.0,0.08
quiet50-04,35,2,0.403,1.133098464739279,7.6,18.8,0.0,0.0
quiet50-04,36,3,0.061,1.2669476034873244,0.4,6.1,0.0,0.0
quiet50-04,37,2,0.045,1.2992829841302609,0.3,6.2,0.0,0.0
quiet50-04,38,3,0.037,1.2851982442485217,0.2,6.5,0.0,0.0
quiet50-04,39,2,0.35,2.4521168269650095,3.9,11.2,0.0,0.0
quiet50-04,40,3,0.03,1.2039728043259361,0.2,6.1,0.0,0.0
quiet50-04,41,2,0.044,1.4240346891027376,0.2,4.3,0.0,0.0
quiet50-04,42,3,0.043,1.3312345839368631,0.3,6.3,0.0,0.0
quiet50-05,0,3,0.001,0.09531017980432474,0.0,0.0,0.0,0.0
quiet50-05,1,3,0.034,1.3862943611198908,0.2,5.6,0.0,0.0
quiet50-05,2,3,0.057,1.9021075263969205,0.6,11.3,0.0,0.0
quiet50-05,3,3,0.037,1.1420974006078486,0.4,10.1,0.0,0.0
quiet50-05,4,3,0.293,1.2593855092558615,3.9,13.3,0.0,0.0
quiet50-05,5,3,0.682,2.085238659364162,7.1,10.3,2.0,0.03
quiet50-05,6,3,0.026,1.2809338454620642,0.1,2.3,1.0,0.0
quiet50-05,7,3,0.017,0.6567795363890706,0.2,11.0,0.0,0.0
quiet50-05,8,3,0.662,1.3744599034728877,9.7,14.7,0.0,0.0
quiet50-05,9,3,0.749,1.1639416362604986,11.5,15.3,0.0,0.0
quiet50-05,10,3,0.252,2.012996442271683,1.7,6.6,2.0,0.0
quiet50-05,11,3,0.235,1.8636720508183413,1.6,6.7,1.0,0.02
quiet50-05,12,2,0.769,1.5163474893680884,9.8,12.7,1.0,0.03
quiet50-05,13,3,2.396,2.0205297937497795,27.8,11.6,12.0,0.39
quiet50-05,14,3,0.925,1.5778563403838015,12.3,13.2,2.0,0.01
quiet50-05,15,3,0.433,1.0246655678249041,8.1,18.7,0.0,0.0
quiet50-05,16,3,2.019,2.302092360784027,27.9,13.8,1.0,0.01
quiet50-05,17,2,0.056,1.88706964903238,0.3,5.4,0.0,0.0
quiet50-05,18,3,3.917,1.5233606784362674,63.2,16.1,1.0,0.01
quiet50-05,19,3,0.015,0.9162907318741551,0.0,2.0,0.0,0.0
quiet50-05,20,3,0.049,-0.15656906069153978,0.7,13.7,0.0,0.0
quiet50-05,21,3,0.204,1.8106279535324377,2.5,12.2,0.0,0.0
quiet50-05,22,2,0.398,2.5772799699190156,3.6,9.0,0.0,0.0
quiet50-05,23,3,0.141,1.4909193121987627,0.4,3.0,0.0,0.0
quiet50-05,24,3,0.02,1.0986122886681098,0.0,2.0,0.0,0.0
quiet50-05,25,3,0.096,2.3608540011180215,0.7,6.8,0.0,0.0
quiet50-05,26,2,0.023,1.1939224684724346,0.1,2.6,0.0,0.0
quiet50-05,27,3,0.211,0.8548679192477489,3.8,18.0,0.0,0.0
quiet50-05,28,2,8.548,1.8791320833525402,74.6,8.7,18.0,0.4
quiet50-05,29,3,0.032,1.0296194171811583,0.3,8.4,0.0,0.0
quiet50-05,30,3,0.521,1.731467238971935,9.3,17.8,0.0,0.0
quiet50-05,31,3,1.536,2.4089522960166754,26.3,17.1,3.0,0.05
quiet50-05,32,3,6.78,2.9710037407782672,125.2,18.5,0.0,0.0
quiet50-05,33,2,2.329,2.1702301081839295,32.3,13.9,6.0,0.1
quiet50-05,34,3,2.138,2.0850437972285056,29.9,14.0,2.0,0.04
quiet50-05,35,3,0.39,1.1011154188862282,7.3,18.8,0.0,0.0
quiet50-05,36,3,0.089,1.5993875765805987,0.4,4.5,0.0,0.0
quiet50-05,37,3,0.044,1.2809338454620642,0.2,5.3,0.0,0.0
quiet50-05,38,3,0.043,1.405342556090585,0.2,5.5,0.0,0.0
quiet50-05,39,3,0.31,2.334333791308626,3.6,11.5,0.0,0.0
quiet50-05,40,3,0.029,1.1786549963416462,0.2,5.9,0.0,0.0
quiet50-05,41,3,0.04,1.3470736479666092,0.2,4.2,0.0,0.0
quiet50-05,42,2,0.043,1.3312345839368631,0.2,5.6,0.0,0.0
quiet50-06,0,2,0.001,0.09531017980432474,0.0,0.0,0.0,0.0
quiet50-06,1,3,0.032,1.339774345484998,0.2,6.3,0.0,0.0
quiet50-06,2,3,0.044,1.6863989535702286,0.4,8.8,0.0,0.0
quiet50-06,3,3,0.034,1.0761394328160512,0.4,10.2,0.0,0.0
quiet50-06,4,3,0.316,1.3325500851132,3.9,12.3,0.0,0.0
quiet50-06,5,3,0.657,2.048442749662116,6.8,10.4,2.0,0.0
quiet50-06,6,2,0.02,1.0986122886681098,0.1,2.4,0.0,0.0
quiet50-06,7,2,0.025,0.9162907318741551,0.2,7.3,0.0,0.0
quiet50-06,8,3,0.68,1.4008931605410433,9.9,14.6,0.0,0.0
quiet50-06,9,2,0.809,1.2400239427179383,11.6,14.4,0.0,0.0
quiet50-06,10,3,0.279,2.1110786266230184,2.0,7.2,2.0,0.05
quiet50-06,11,3,0.236,1.867745376205977,1.5,6.2,1.0,0.02
quiet50-06,12,2,0.763,1.508615492084762,9.7,12.7,1.0,0.02
quiet50-06,13,2,2.51,2.0668230777206245,29.6,11.8,11.0,0.46
quiet50-06,14,3,0.921,1.5735690883721816,12.8,13.9,3.0,0.02
quiet50-06,15,3,0.434,1.0269203602119932,8.2,18.8,0.0,0.0
quiet50-06,16,3,1.989,2.2871963554586126,28.4,14.3,1.0,0.01
quiet50-06,17,2,0.043,1.667706820558076,0.3,5.9,0.0,0.0
quiet50-06,18,3,3.891,1.5167178333649143,64.0,16.4,3.0,0.01
quiet50-06,19,3,0.012,0.78845736036427,0.0,2.6,0.0,0.0
quiet50-06,20,3,0.031,-0.5205344378929514,0.4,11.7,0.0,0.0
quiet50-06,21,3,0.176,1.6703986122237875,2.2,12.6,0.0,0.0
quiet50-06,22,3,0.314,2.346756311307183,2.7,8.6,0.0,0.0
quiet50-06,23,3,0.125,1.378914253822268,0.4,3.0,0.0,0.0
quiet50-06,24,2,0.017,0.9932517730102834,0.0,2.4,0.0,0.0
quiet50-06,25,3,0.207,3.077312260546414,2.4,11.5,1.0,0.11
quiet50-06,26,2,0.024,1.2237754316221159,0.2,6.7,0.0,0.0
quiet50-06,27,3,0.203,0.8179973834394213,3.6,17.7,0.0,0.0
quiet50-06,28,3,8.502,1.8737424979572037,73.7,8.7,17.0,0.41
quiet50-06,29,3,0.033,1.0531499145913525,0.3,8.8,0.0,0.0
quiet50-06,30,2,0.522,1.7333487070716405,9.2,17.6,0.0,0.0
quiet50-06,31,2,1.4,2.316871050241522,23.9,17.1,0.0,0.0
quiet50-06,32,3,6.823,2.9773166150063037,126.6,18.6,0.0,0.0
quiet50-06,33,3,2.309,2.1616426788552823,31.3,13.5,4.0,0.07
quiet50-06,34,3,2.198,2.112593748996736,30.6,13.9,5.0,0.07
quiet50-06,35,2,0.397,1.1184640572208413,7.5,18.8,0.0,0.0
quiet50-06,36,2,0.061,1.2669476034873244,0.4,5.7,0.0,0.0
quiet50-06,37,2,0.046,1.3173014896329391,0.3,5.4,0.0,0.0
quiet50-06,38,2,0.042,1.3862943611198906,0.2,5.4,0.0,0.0
quiet50-06,39,3,0.253,2.1381668276926185,2.6,10.2,0.0,0.0
quiet50-06,40,3,0.03,1.2039728043259361,0.2,5.7,0.0,0.0
quiet50-06,41,3,0.039,1.32687094064909,0.2,4.1,0.0,0.0
quiet50-06,42,3,0.036,1.1895840668738364,0.2,4.7,0.0,0.0
quiet50-07,0,3,0.001,0.09531017980432474,0.0,0.0,0.0,0.0
quiet50-07,1,3,0.028,1.2396908869280152,0.2,6.9,0.0,0.0
quiet50-07,2,3,0.036,1.5260563034950492,0.3,8.2,0.0,0.0
quiet50-07,3,3,0.034,1.0761394328160512,0.4,10.6,0.0,0.0
quiet50-07,4,3,0.319,1.3417104545118643,4.0,12.5,0.0,0.0
quiet50-07,5,3,0.664,2.0588828146587996,7.0,10.5,2.0,0.03
quiet50-07,6,2,0.022,1.1631508098056809,0.1,6.3,0.0,0.0
quiet50-07,7,3,0.016,0.6190392084062235,0.1,8.1,0.0,0.0
quiet50-07,8,3,0.714,1.4489929553354546,9.9,13.9,0.0,0.0
quiet50-07,9,3,0.767,1.187380209232516,11.6,15.1,0.0,0.0
quiet50-07,10,3,0.312,2.2192034840549946,2.1,6.6,2.0,0.05
quiet50-07,11,2,0.247,1.911489925168834,1.9,7.8,2.0,0.0
quiet50-07,12,2,0.777,1.5265646919147435,9.6,12.3,1.0,0.03
quiet50-07,13,3,2.837,2.188829984493193,33.6,11.8,11.0,0.73
quiet50-07,14,2,0.894,1.544139171487291,12.7,14.2,0.0,0.0
quiet50-07,15,3,0.437,1.0336543923933372,8.1,18.6,0.0,0.0
quiet50-07,16,2,2.044,2.314338411446716,28.8,14.1,3.0,0.02
quiet50-07,17,3,0.05,1.791759469228055,0.3,5.0,0.0,0.0
quiet50-07,18,3,3.927,1.5259039148019955,64.3,16.4,3.0,0.01
quiet50-07,19,3,0.012,0.78845736036427,0.0,2.6,0.0,0.0
quiet50-07,20,3,0.037,-0.38395890288720075,0.5,13.6,0.0,0.0
quiet50-07,21,3,0.185,1.717651497074333,2.1,11.4,0.0,0.0
quiet50-07,22,3,0.345,2.4381305849902697,3.0,8.7,0.0,0.0
quiet50-07,23,3,0.13,1.415281897993143,0.4,3.0,0.0,0.0
quiet50-07,24,2,0.017,0.9932517730102834,0.0,2.3,0.0,0.0
quiet50-07,25,3,0.122,2.580216829592325,1.1,9.2,0.0,0.0
quiet50-07,26,2,0.021,1.1314021114911006,0.1,2.9,0.0,0.0
quiet50-07,27,3,0.202,0.8132914924020087,3.6,18.0,0.0,0.0
quiet50-07,28,2,8.586,1.8835625441381791,74.3,8.7,19.0,0.43
quiet50-07,29,3,0.03,0.9808292530117263,0.3,8.7,0.0,0.0
quiet50-07,30,3,0.549,1.7828546908850953,9.4,17.0,0.0,0.0
quiet50-07,31,3,1.512,2.3933066052909395,26.1,17.2,3.0,0.05
quiet50-07,32,2,6.817,2.976438137643806,126.0,18.5,0.0,0.0
quiet50-07,33,2,2.298,2.1568879692277405,31.9,13.9,6.0,0.09
quiet50-07,34,3,2.233,2.128320876119959,31.1,13.9,4.0,0.07
quiet50-07,35,3,0.39,1.1011154188862282,7.4,19.0,0.0,0.0
quiet50-07,36,3,0.082,1.5260563034950492,0.4,4.3,0.0,0.0
quiet50-07,37,3,0.054,1.4508328822574619,0.2,4.1,0.0,0.0
quiet50-07,38,2,0.045,1.4423838277709342,0.3,6.9,0.0,0.0
quiet50-07,39,3,0.281,2.2393360626863466,2.9,10.1,0.0,0.0
quiet50-07,40,3,0.029,1.1786549963416462,0.2,5.5,0.0,0.0
quiet50-07,41,2,0.04,1.3470736479666092,0.2,4.3,0.0,0.0
quiet50-07,42,2,0.04,1.2729656758128876,0.2,6.0,0.0,0.0
quiet50-08,0,2,0.001,0.09531017980432474,0.0,6.9,0.0,0.0
quiet50-08,1,3,0.03,1.2909841813155658,0.2,7.0,0.0,0.0
quiet50-08,2,3,0.037,1.547562508716013,0.3,8.4,0.0,0.0
quiet50-08,3,3,0.033,1.0531499145913525,0.3,9.9,0.0,0.0
quiet50-08,4,3,0.303,1.2918558942866456,3.9,13.0,0.0,0.0
quiet50-08,5,3,0.656,2.0469423742868815,7.1,10.9,2.0,0.0
quiet50-08,6,2,0.013,0.8329091229351039,0.0,2.2,0.0,0.0
quiet50-08,7,3,0.026,0.9444616088408513,0.3,10.6,0.0,0.0
quiet50-08,8,3,0.659,1.3699856230779666,9.6,14.6,0.0,0.0
quiet50-08,9,3,0.746,1.1599812350444016,11.5,15.4,0.0,0.0
quiet50-08,10,3,0.237,1.9540402751385633,1.4,5.9,1.0,0.02
quiet50-08,11,3,0.211,1.760576541791367,1.3,6.0,0.0,0.0
quiet50-08,12,3,0.781,1.531634411264994,10.2,13.0,3.0,0.01
quiet50-08,13,3,2.377,2.012601523553985,27.7,11.7,9.0,0.37
quiet50-08,14,2,0.885,1.5341335293699698,12.0,13.6,0.0,0.0
quiet50-08,15,2,0.43,1.0178705246920752,8.2,19.1,0.0,0.0
quiet50-08,16,3,1.986,2.285694477829622,28.4,14.3,1.0,0.01
quiet50-08,17,3,0.041,1.6292405397302803,0.2,5.4,0.0,0.0
quiet50-08,18,3,3.911,1.5218316261505895,64.0,16.4,3.0,0.01
quiet50-08,19,2,0.01,0.6931471805599453,0.0,2.0,0.0,0.0
quiet50-08,20,3,0.026,-0.6505875661411494,0.4,14.5,0.0,0.0
quiet50-08,21,3,0.155,1.550597412411167,2.0,12.6,0.0,0.0
quiet50-08,22,3,0.33,2.3949584131250607,2.7,8.3,0.0,0.0
quiet50-08,23,3,0.141,1.4909193121987627,0.4,2.9,0.0,0.0
quiet50-08,24,3,0.016,0.9555114450274363,0.0,1.9,0.0,0.0
quiet50-08,25,3,0.092,2.322387720290225,0.7,7.7,0.0,0.0
quiet50-08,26,3,0.029,1.3609765531356006,0.2,6.5,0.0,0.0
quiet50-08,27,3,0.201,0.8085633512060626,3.6,18.1,0.0,0.0
quiet50-08,28,3,8.885,1.9177548864757135,76.4,8.6,21.0,0.47
quiet50-08,29,2,0.031,1.0055218656020977,0.3,8.7,0.0,0.0
quiet50-08,30,2,0.519,1.7276936495882955,9.3,17.9,0.0,0.0
quiet50-08,31,3,1.575,2.4338657531806893,25.9,16.4,3.0,0.06
quiet50-08,32,3,6.873,2.98460740262389,126.9,18.5,0.0,0.0
quiet50-08,33,3,2.245,2.133656593536529,31.3,14.0,5.0,0.08
quiet50-08,34,3,2.26,2.1402864520751987,31.5,13.9,5.0,0.08
quiet50-08,35,2,0.395,1.1135379388847852,7.5,19.1,0.0,0.0
quiet50-08,36,3,0.064,1.3083328196501787,0.3,4.5,0.0,0.0
quiet50-08,37,2,0.047,1.3350010667323402,0.3,5.9,0.0,0.0
quiet50-08,38,3,0.038,1.3062516534463542,0.2,5.8,0.0,0.0
quiet50-08,39,2,0.276,2.2220046063347065,3.2,11.4,0.0,0.0
quiet50-08,40,3,0.029,1.1786549963416462,0.2,6.1,0.0,0.0
quiet50-08,41,2,0.039,1.32687094064909,0.2,4.9,0.0,0.0
quiet50-08,42,2,0.037,1.2110902720948,0.2,5.7,0.0,0.0
quiet50-09,0,2,0.001,0.09531017980432474,0.0,7.0,0.0,0.0
quiet50-09,1,2,0.037,1.4522523289116882,0.4,9.9,0.0,0.0
quiet50-09,2,3,0.037,1.547562508716013,0.3,8.8,0.0,0.0
quiet50-09,3,2,0.042,1.2431935174792175,0.4,9.0,0.0,0.0
quiet50-09,4,3,0.316,1.3325500851132,4.1,12.8,0.0,0.0
quiet50-09,5,3,0.67,2.0677455019166446,7.3,10.8,2.0,0.03
quiet50-09,6,3,0.027,1.3083328196501787,0.0,1.5,0.0,0.0
quiet50-09,7,3,0.019,0.7282385003712153,0.2,8.9,0.0,0.0
quiet50-09,8,3,0.659,1.3699856230779666,9.8,14.8,0.0,0.0
quiet50-09,9,3,0.745,1.1586576081138935,11.5,15.5,0.0,0.0
quiet50-09,10,3,0.25,2.005333569526114,1.7,6.7,2.0,0.0
quiet50-09,11,3,0.266,1.9828147059907644,1.6,6.2,1.0,0.02
quiet50-09,12,3,0.767,1.5137767938649875,9.8,12.7,1.0,0.03
quiet50-09,13,3,2.776,2.1671710515549063,32.9,11.9,11.0,0.7
quiet50-09,14,2,0.901,1.5518527083550728,12.6,14.0,0.0,0.0
quiet50-09,15,3,0.435,1.0291700799460086,8.3,19.1,0.0,0.0
quiet50-09,16,3,2.0,2.292684022011334,28.0,14.0,2.0,0.07
quiet50-09,17,3,0.045,1.7047480922384253,0.2,5.4,0.0,0.0
quiet50-09,18,2,3.918,1.5236152933326146,64.0,16.3,3.0,0.01
quiet50-09,19,3,0.013,0.8329091229351039,0.0,3.2,0.0,0.0
quiet50-09,20,2,0.03,-0.5452270504833229,0.4,14.0,0.0,0.0
quiet50-09,21,3,0.196,1.7725281073001673,2.3,11.7,0.0,0.0
quiet50-09,22,3,0.318,2.3590264038989974,2.7,8.4,0.0,0.0
quiet50-09,23,3,0.119,1.3334518797455106,0.4,3.0,0.0,0.0
quiet50-09,24,2,0.019,1.0647107369924282,0.0,2.1,0.0,0.0
quiet50-09,25,3,0.092,2.322387720290225,0.5,5.8,0.0,0.0
quiet50-09,26,2,0.021,1.1314021114911006,0.1,2.4,0.0,0.0
quiet50-09,27,3,0.207,0.8366025712704557,3.7,18.1,0.0,0.0
quiet50-09,28,3,8.864,1.9153912183146329,76.8,8.7,23.0,0.5
quiet50-09,29,2,0.033,1.0531499145913525,0.3,7.8,0.0,0.0
quiet50-09,30,3,0.524,1.737101056690191,9.2,17.5,0.0,0.0
quiet50-09,31,2,1.428,2.3365346051503,24.7,17.3,0.0,0.0
quiet50-09,32,2,6.789,2.972328341751985,126.5,18.6,0.0,0.0
quiet50-09,33,3,2.237,2.1301026137850796,31.6,14.1,5.0,0.1
quiet50-09,34,3,2.21,2.1180138164660756,31.0,14.0,5.0,0.08
quiet50-09,35,3,0.392,1.1061029603972672,7.4,18.9,0.0,0.0
quiet50-09,36,3,0.063,1.2947271675944,0.3,5.4,0.0,0.0
quiet50-09,37,2,0.046,1.3173014896329391,0.2,4.5,0.0,0.0
quiet50-09,38,3,0.039,1.32687094064909,0.3,6.7,0.0,0.0
quiet50-09,39,3,0.279,2.232439483627286,2.8,10.1,0.0,0.0
quiet50-09,40,3,0.032,1.252762968495368,0.2,6.6,0.0,0.0
quiet50-09,41,2,0.042,1.3862943611198906,0.2,4.5,0.0,0.0
quiet50-09,42,3,0.041,1.2927683031090673,0.2,5.6,0.0,0.0
quiet50-10,0,2,0.002,0.1823215567939546,0.0,0.0,0.0,0.0
quiet50-10,1,3,0.031,1.3156767939059373,0.2,6.1,0.0,0.0
quiet50-10,2,3,0.057,1.9021075263969205,0.6,10.6,0.0,0.0
quiet50-10,3,3,0.037,1.1420974006078486,0.4,10.7,0.0,0.0
quiet50-10,4,3,0.313,1.3233050269691489,3.9,12.6,0.0,0.0
quiet50-10,5,3,0.651,2.0394065435981785,7.1,10.9,2.0,0.0
quiet50-10,6,2,0.011,0.7419373447293771,0.0,1.8,0.0,0.0
quiet50-10,7,3,0.016,0.6190392084062235,0.2,10.8,0.0,0.0
quiet50-10,8,3,0.661,1.37297069992142,9.8,14.7,0.0,0.0
quiet50-10,9,3,0.746,1.1599812350444016,11.6,15.5,0.0,0.0
quiet50-10,10,3,0.307,2.203553712387867,2.2,7.3,2.0,0.06
quiet50-10,11,3,0.242,1.8918429277850375,1.8,7.4,2.0,0.0
quiet50-10,12,2,0.75,1.4916548767777167,9.6,12.7,1.0,0.02
quiet50-10,13,3,2.521,2.0711786577602793,30.0,11.9,11.0,0.41
quiet50-10,14,3,0.92,1.5724943972424161,13.1,14.2,3.0,0.02
quiet50-10,15,3,0.436,1.0314147497998325,8.2,18.7,0.0,0.0
quiet50-10,16,3,2.088,2.335533809914455,28.3,13.5,1.0,0.01
quiet50-10,17,3,0.06,1.9459101490553132,0.6,10.3,0.0,0.0
quiet50-10,18,3,3.923,1.5248873962900675,63.3,16.1,3.0,0.01
quiet50-10,19,2,0.009,0.6418538861723947,0.0,2.2,0.0,0.0
quiet50-10,20,3,0.034,-0.44991687067899794,0.5,14.4,0.0,0.0
quiet50-10,21,2,0.207,1.8245492920510458,2.4,11.4,0.0,0.0
quiet50-10,22,3,0.352,2.4576570073406248,3.0,8.6,0.0,0.0
quiet50-10,23,3,0.13,1.415281897993143,0.4,2.9,0.0,0.0
quiet50-10,24,3,0.016,0.9555114450274363,0.0,2.5,0.0,0.0
quiet50-10,25,3,0.119,2.5572273113676265,1.1,8.8,2.0,0.0
quiet50-10,26,2,0.018,1.0296194171811581,0.1,3.3,0.0,0.0
quiet50-10,27,3,0.203,0.8179973834394213,3.7,18.1,0.0,0.0
quiet50-10,28,2,9.034,1.9343671197736387,79.1,8.8,26.0,0.52
quiet50-10,29,2,0.032,1.0296194171811583,0.3,8.4,0.0,0.0
quiet50-10,30,3,0.514,1.7181969020510381,9.1,17.7,0.0,0.0
quiet50-10,31,3,1.343,2.2756056950400962,23.9,17.8,1.0,0.01
quiet50-10,32,3,6.725,2.9628706090699897,124.3,18.5,0.0,0.0
quiet50-10,33,3,2.241,2.1318811825064827,31.4,14.0,4.0,0.05
quiet50-10,34,3,2.247,2.134543118417286,31.6,14.1,5.0,0.08
quiet50-10,35,2,0.393,1.1085874337249293,7.3,18.6,0.0,0.0
quiet50-10,36,3,0.066,1.33500106673234,0.4,5.6,0.0,0.0
quiet50-10,37,3,0.044,1.2809338454620642,0.2,5.2,0.0,0.0
quiet50-10,38,3,0.043,1.405342556090585,0.3,6.5,0.0,0.0
quiet50-10,39,3,0.338,2.4182152752893282,3.6,10.6,0.0,0.0
quiet50-10,40,2,0.031,1.2286654169163074,0.2,5.5,0.0,0.0
quiet50-10,41,2,0.043,1.405342556090585,0.2,4.9,0.0,0.0
quiet50-10,42,3,0.031,1.0745147370890493,0.2,6.5,0.0,0.0
quiet50-11,0,3,0.001,0.09531017980432474,0.0,0.0,0.0,0.0
quiet50-11,1,2,0.037,1.4522523289116882,0.4,10.6,0.0,0.0
quiet50-11,2,3,0.057,1.9021075263969205,0.6,10.2,0.0,0.0
quiet50-11,3,3,0.039,1.1837700970084166,0.4,9.4,0.0,0.0
quiet50-11,4,3,0.32,1.3447453582070183,4.0,12.5,0.0,0.0
quiet50-11,5,3,0.665,2.0603653946190224,7.0,10.6,2.0,0.03
quiet50-11,6,2,0.027,1.3083328196501787,0.2,6.2,1.0,0.0
quiet50-11,7,3,0.017,0.6567795363890706,0.2,10.5,0.0,0.0
quiet50-11,8,2,0.663,1.375946892594466,9.7,14.7,0.0,0.0
quiet50-11,9,3,0.757,1.174426660232125,11.6,15.3,1.0,0.01
quiet50-11,10,3,0.341,2.305438161976452,2.2,6.4,2.0,0.06
quiet50-11,11,3,0.234,1.8595820655668163,1.6,6.8,1.0,0.02
quiet50-11,12,3,0.775,1.5240201612797486,9.8,12.6,1.0,0.03
quiet50-11,13,2,2.775,2.16681204957654,34.6,12.5,14.0,0.54
quiet50-11,14,3,0.943,1.5969247147493164,13.2,13.9,4.0,0.04
quiet50-11,15,2,0.43,1.0178705246920752,8.2,19.1,0.0,0.0
quiet50-11,16,3,2.033,2.3089686157758345,28.7,14.1,1.0,0.01
quiet50-11,17,3,0.046,1.7227665977411035,0.3,6.3,0.0,0.0
quiet50-11,18,3,4.008,1.5462691692331376,64.0,16.0,3.0,0.01
quiet50-11,19,3,0.012,0.78845736036427,0.0,2.5,0.0,0.0
quiet50-11,20,3,0.024,-0.7077459799810978,0.3,11.4,0.0,0.0
quiet50-11,21,3,0.198,1.7821900182119044,2.3,11.7,0.0,0.0
quiet50-11,22,3,0.297,2.292860543102051,2.3,7.7,0.0,0.0
quiet50-11,23,3,0.114,1.2939210409888755,0.4,3.1,0.0,0.0
quiet50-11,24,2,0.018,1.0296194171811581,0.1,2.8,0.0,0.0
quiet50-11,25,2,0.13,2.639057329615259,1.3,10.0,0.0,0.0
quiet50-11,26,3,0.028,1.33500106673234,0.2,6.4,0.0,0.0
quiet50-11,27,3,0.205,0.8273432458576588,3.7,18.2,0.0,0.0
quiet50-11,28,3,8.554,1.8798329360853514,77.5,9.1,17.0,0.4
quiet50-11,29,2,0.037,1.1420974006078486,0.3,8.0,0.0,0.0
quiet50-11,30,2,0.526,1.7408393788007983,9.3,17.7,0.0,0.0
quiet50-11,31,2,1.48,2.372057465808813,24.8,16.8,1.0,0.12
quiet50-11,32,2,6.747,2.9661318037777002,125.4,18.6,0.0,0.0
quiet50-11,33,3,2.237,2.1301026137850796,31.5,14.1,5.0,0.07
quiet50-11,34,3,2.126,2.0794415416798357,29.8,14.0,2.0,0.04
quiet50-11,35,3,0.398,1.120918046182408,7.4,18.6,0.0,0.0
quiet50-11,36,3,0.063,1.2947271675944,0.4,6.0,0.0,0.0
quiet50-11,37,3,0.047,1.3350010667323402,0.2,4.9,0.0,0.0
quiet50-11,38,3,0.042,1.3862943611198906,0.3,6.4,0.0,0.0
quiet50-11,39,3,0.141,1.583292632329778,1.1,7.8,0.0,0.0
quiet50-11,40,3,0.028,1.1526795099383853,0.2,7.1,0.0,0.0
quiet50-11,41,3,0.039,1.32687094064909,0.2,3.9,0.0,0.0
quiet50-11,42,2,0.041,1.2927683031090673,0.2,5.4,0.0,0.0
quiet50-12,0,3,0.001,0.09531017980432474,0.0,0.0,0.0,0.0
quiet50-12,1,3,0.032,1.339774345484998,0.2,6.5,0.0,0.0
quiet50-12,2,3,0.047,1.7404661748405046,0.4,9.3,0.0,0.0
quiet50-12,3,3,0.039,1.1837700970084166,0.4,9.8,0.0,0.0
quiet50-12,4,3,0.304,1.2950456896547458,4.0,13.0,0.0,0.0
quiet50-12,5,3,0.653,2.042427693932355,7.0,10.7,2.0,0.03
quiet50-12,6,3,0.024,1.2237754316221159,0.1,3.0,1.0,0.0
quiet50-12,7,3,0.017,0.6567795363890706,0.2,10.9,0.0,0.0
quiet50-12,8,2,0.663,1.375946892594466,10.1,15.2,1.0,0.02
quiet50-12,9,3,0.729,1.1372377798130706,11.5,15.7,0.0,0.0
quiet50-12,10,3,0.296,2.168237040462967,2.2,7.4,2.0,0.06
quiet50-12,11,3,0.239,1.8798667367383217,1.6,6.5,1.0,0.02
quiet50-12,12,3,0.782,1.5328978353117662,10.0,12.8,1.0,0.03
quiet50-12,13,3,2.379,2.0134390445409647,27.2,11.4,8.0,0.4
quiet50-12,14,2,0.973,1.6279189312422808,13.2,13.5,2.0,0.07
quiet50-12,15,3,0.433,1.0246655678249041,8.3,19.1,0.0,0.0
quiet50-12,16,3,2.068,2.325955192617385,29.3,14.2,4.0,0.03
quiet50-12,17,2,0.045,1.7047480922384253,0.3,6.8,0.0,0.0
quiet50-12,18,3,4.006,1.545771285229823,64.5,16.1,3.0,0.01
quiet50-12,19,2,0.012,0.78845736036427,0.0,1.7,0.0,0.0
quiet50-12,20,3,0.04,-0.32208349916911316,0.5,11.4,0.0,0.0
quiet50-12,21,3,0.186,1.7227665977411035,2.5,13.3,0.0,0.0
quiet50-12,22,3,0.343,2.4324808524481507,3.1,9.0,0.0,0.0
quiet50-12,23,3,0.119,1.3334518797455106,0.4,3.0,0.0,0.0
quiet50-12,24,2,0.017,0.9932517730102834,0.0,2.3,0.0,0.0
quiet50-12,25,2,0.1,2.3978952727983707,0.7,7.2,0.0,0.0
quiet50-12,26,2,0.021,1.1314021114911006,0.1,2.3,0.0,0.0
quiet50-12,27,3,0.202,0.8132914924020087,3.7,18.2,0.0,0.0
quiet50-12,28,3,8.662,1.8923650100552056,74.9,8.6,18.0,0.46
quiet50-12,29,2,0.029,0.9555114450274363,0.3,9.2,0.0,0.0
quiet50-12,30,2,0.515,1.72010348032162,9.3,18.0,0.0,0.0
quiet50-12,31,3,1.581,2.4376440952070952,27.2,17.2,3.0,0.09
quiet50-12,32,2,6.713,2.9610872826945625,125.5,18.7,0.0,0.0
quiet50-12,33,3,2.26,2.1402864520751987,31.2,13.8,4.0,0.05
quiet50-12,34,2,2.157,2.0938503431361095,29.8,13.8,2.0,0.04
quiet50-12,35,3,0.392,1.1061029603972672,7.2,18.4,0.0,0.0
quiet50-12,36,3,0.078,1.4816045409242153,0.3,4.2,0.0,0.0
quiet50-12,37,2,0.045,1.2992829841302609,0.2,4.8,0.0,0.0
quiet50-12,38,3,0.041,1.366876275262789,0.2,5.6,0.0,0.0
quiet50-12,39,3,0.342,2.429643971112951,3.6,10.4,0.0,0.0
quiet50-12,40,3,0.026,1.0986122886681096,0.2,6.4,0.0,0.0
quiet50-12,41,3,0.039,1.32687094064909,0.2,5.1,0.0,0.0
quiet50-12,42,3,0.035,1.1676051601550612,0.2,6.1,0.0,0.0
quiet50-13,0,3,0.001,0.09531017980432474,0.0,0.0,0.0,0.0
quiet50-13,1,3,0.032,1.339774345484998,0.2,6.3,0.0,0.0
quiet50-13,2,3,0.035,1.5040773967762742,0.3,9.2,0.0,0.0
quiet50-13,3,3,0.035,1.0986122886681098,0.4,10.5,0.0,0.0
quiet50-13,4,3,0.306,1.3013949173334045,4.0,13.0,0.0,0.0
quiet50-13,5,3,0.635,2.0149030205422647,6.7,10.6,2.0,0.0
quiet50-13,6,2,0.015,0.9162907318741551,0.0,2.0,0.0,0.0
quiet50-13,7,3,0.019,0.7282385003712153,0.2,10.5,0.0,0.0
quiet50-13,8,2,0.654,1.3624837124261722,9.9,15.2,0.0,0.0
quiet50-13,9,2,0.8,1.2289741065313533,11.7,14.6,0.0,0.0
quiet50-13,10,2,0.343,2.311119995443883,3.1,9.2,2.0,0.09
quiet50-13,11,3,0.224,1.8177349556313158,1.3,5.7,0.0,0.0
quiet50-13,12,3,0.776,1.5252932359265468,10.1,13.1,3.0,0.02
quiet50-13,13,2,2.29,1.9754732991323964,25.8,11.3,7.0,0.38
quiet50-13,14,2,0.913,1.5649390455979666,13.0,14.2,1.0,0.03
quiet50-13,15,3,0.458,1.0795640936974154,8.2,17.8,0.0,0.0
quiet50-13,16,2,1.995,2.2901933606988822,28.0,14.0,1.0,0.02
quiet50-13,17,2,0.049,1.7749523509116738,0.3,5.5,0.0,0.0
quiet50-13,18,3,3.916,1.5231059986946642,63.6,16.2,3.0,0.01
quiet50-13,19,3,0.011,0.7419373447293771,0.0,2.7,0.0,0.0
quiet50-13,20,3,0.033,-0.4729063889036968,0.5,13.8,0.0,0.0
quiet50-13,21,3,0.163,1.5979435330083653,1.9,11.5,0.0,0.0
quiet50-13,22,3,0.335,2.4095572125462135,3.0,8.9,0.0,0.0
quiet50-13,23,3,0.127,1.3936204012119635,0.4,3.1,0.0,0.0
quiet50-13,24,2,0.018,1.0296194171811581,0.1,2.8,0.0,0.0
quiet50-13,25,2,0.089,2.292534757140544,0.7,7.3,0.0,0.0
quiet50-13,26,3,0.023,1.1939224684724346,0.2,6.7,0.0,0.0
quiet50-13,27,2,0.194,0.7748252115742126,3.5,17.9,0.0,0.0
quiet50-13,28,3,8.532,1.87726073777719,76.0,8.9,21.0,0.42
quiet50-13,29,2,0.035,1.0986122886681098,0.3,7.9,0.0,0.0
quiet50-13,30,2,0.516,1.722006430467706,9.2,17.8,0.0,0.0
quiet50-13,31,3,1.578,2.435756708676389,26.4,16.7,3.0,0.09
quiet50-13,32,2,6.794,2.973063473741278,126.0,18.5,0.0,0.0
quiet50-13,33,3,2.209,2.117563264532344,30.9,14.0,5.0,0.08
quiet50-13,34,2,2.105,2.0695614330801284,29.5,14.0,2.0,0.04
quiet50-13,35,3,0.391,1.1036122990848154,7.3,18.7,0.0,0.0
quiet50-13,36,3,0.08,1.5040773967762742,0.4,4.4,0.0,0.0
quiet50-13,37,3,0.064,1.5960148921019597,0.3,4.1,0.0,0.0
quiet50-13,38,3,0.037,1.2851982442485217,0.2,5.9,0.0,0.0
quiet50-13,39,2,0.324,2.377153788491554,3.3,10.2,0.0,0.0
quiet50-13,40,3,0.028,1.1526795099383853,0.2,5.7,0.0,0.0
quiet50-13,41,2,0.038,1.3062516534463542,0.2,4.7,0.0,0.0
quiet50-13,42,3,0.04,1.2729656758128876,0.2,5.8,0.0,0.0
quiet50-14,0,3,0.001,0.09531017980432474,0.0,0.0,0.0,0.0
quiet50-14,1,3,0.037,1.4522523289116882,0.2,5.7,0.0,0.0
quiet50-14,2,3,0.036,1.5260563034950492,0.3,8.8,0.0,0.0
quiet50-14,3,3,0.126,2.2046046846338423,1.7,13.6,1.0,0.09
quiet50-14,4,3,0.295,1.2659644803539039,3.9,13.1,0.0,0.0
quiet50-14,5,3,0.613,1.9801992225339455,6.4,10.5,0.0,0.0
quiet50-14,6,2,0.023,1.1939224684724346,0.1,2.2,0.0,0.0
quiet50-14,7,3,0.02,0.7621400520468967,0.2,10.6,0.0,0.0
quiet50-14,8,2,0.675,1.3936204012119635,9.9,14.7,0.0,0.0
quiet50-14,9,3,0.778,1.2014379487227478,11.5,14.8,0.0,0.0
quiet50-14,10,3,0.282,2.121405740778868,2.1,7.4,2.0,0.05
quiet50-14,11,3,0.235,1.8636720508183413,1.5,6.4,1.0,0.02
quiet50-14,12,2,0.798,1.5528985020184356,10.0,12.5,1.0,0.03
quiet50-14,13,3,2.333,1.993996335722951,27.5,11.8,9.0,0.37
quiet50-14,14,2,0.912,1.5638550346517084,12.6,13.8,0.0,0.0
quiet50-14,15,2,0.429,1.0155952108549398,8.1,19.0,0.0,0.0
quiet50-14,16,3,1.975,2.2801682140795037,28.2,14.3,1.0,0.01
quiet50-14,17,3,0.043,1.667706820558076,0.3,7.0,0.0,0.0
quiet50-14,18,3,3.926,1.5256498820304019,63.5,16.2,3.0,0.01
quiet50-14,19,3,0.013,0.8329091229351039,0.0,1.6,0.0,0.0
quiet50-14,20,2,0.033,-0.4729063889036968,0.4,12.3,0.0,0.0
quiet50-14,21,2,0.205,1.815289966638249,2.4,11.5,0.0,0.0
quiet50-14,22,3,0.285,2.2529881518546735,2.7,9.3,0.0,0.0
quiet50-14,23,3,0.112,1.2776605201170952,0.3,3.0,0.0,0.0
quiet50-14,24,2,0.018,1.0296194171811581,0.0,2.3,0.0,0.0
quiet50-14,25,2,0.087,2.272125885509337,0.6,7.2,0.0,0.0
quiet50-14,26,3,0.021,1.1314021114911006,0.1,2.9,0.0,0.0
quiet50-14,27,3,0.2,0.8038127484474649,3.7,18.4,0.0,0.0
quiet50-14,28,2,8.49,1.8723317288541859,74.5,8.8,22.0,0.45
quiet50-14,29,3,0.035,1.0986122886681098,0.3,8.9,0.0,0.0
quiet50-14,30,3,0.523,1.7352266418958406,9.3,17.7,0.0,0.0
quiet50-14,31,2,1.569,2.4300730811249505,26.4,16.8,1.0,0.12
quiet50-14,32,3,6.813,2.975852057040949,126.5,18.6,0.0,0.0
quiet50-14,33,3,2.218,2.121610942646925,31.1,14.0,4.0,0.06
quiet50-14,34,3,2.161,2.095694511478042,30.2,14.0,5.0,0.07
quiet50-14,35,3,0.389,1.0986122886681098,7.3,18.9,0.0,0.0
quiet50-14,36,3,0.061,1.2669476034873244,0.3,5.6,0.0,0.0
quiet50-14,37,3,0.041,1.2237754316221159,0.2,5.4,0.0,0.0
quiet50-14,38,3,0.041,1.366876275262789,0.3,6.1,0.0,0.0
quiet50-14,39,2,0.24,2.0874737133771,2.3,9.7,0.0,0.0
quiet50-14,40,3,0.029,1.1786549963416462,0.2,6.1,0.0,0.0
quiet50-14,41,2,0.042,1.3862943611198906,0.2,5.0,0.0,0.0
quiet50-14,42,3,0.054,1.519825753744413,0.5,8.6,0.0,0.0
quiet50-15,0,3,0.001,0.09531017980432474,0.0,8.7,0.0,0.0
quiet50-15,1,3,0.032,1.339774345484998,0.3,7.8,0.0,0.0
quiet50-15,2,3,0.043,1.667706820558076,0.4,8.9,0.0,0.0
quiet50-15,3,3,0.051,1.402823663071101,0.7,12.8,0.0,0.0
quiet50-15,4,3,0.339,1.4007246259489197,4.1,12.2,0.0,0.0
quiet50-15,5,3,0.647,2.0333367222311027,7.0,10.8,2.0,0.03
quiet50-15,6,2,0.026,1.2809338454620642,0.2,5.7,0.0,0.0
quiet50-15,7,3,0.029,1.0245043165143877,0.3,9.9,0.0,0.0
quiet50-15,8,3,0.668,1.3833488508901337,10.1,15.1,1.0,0.02
quiet50-15,9,3,0.754,1.1705076480313892,11.5,15.2,0.0,0.0
quiet50-15,10,3,0.264,2.0577800448986565,2.0,7.6,2.0,0.0
quiet50-15,11,3,0.237,1.8718021769015913,1.6,6.7,1.0,0.02
quiet50-15,12,2,0.767,1.5137767938649875,9.9,12.9,1.0,0.03
quiet50-15,13,3,2.424,2.032100170762628,27.6,11.4,9.0,0.42
quiet50-15,14,3,0.98,1.6350147542237499,13.7,14.0,4.0,0.03
quiet50-15,15,3,0.433,1.0246655678249041,8.1,18.7,0.0,0.0
quiet50-15,16,2,2.02,2.3025850929940455,28.2,14.0,1.0,0.02
quiet50-15,17,2,0.049,1.7749523509116738,0.3,5.9,0.0,0.0
quiet50-15,18,3,3.854,1.5071878191906667,63.6,16.5,3.0,0.01
quiet50-15,19,3,0.013,0.8329091229351039,0.0,2.4,0.0,0.0
quiet50-15,20,2,0.026,-0.6505875661411494,0.3,12.4,0.0,0.0
quiet50-15,21,3,0.189,1.7379567632350785,1.9,10.0,0.0,0.0
quiet50-15,22,3,0.316,2.3529101768815615,2.4,7.6,0.0,0.0
quiet50-15,23,3,0.118,1.3256697393034558,0.4,3.2,0.0,0.0
quiet50-15,24,2,0.021,1.1314021114911006,0.0,1.9,0.0,0.0
quiet50-15,25,3,0.118,2.5494451709255714,1.2,10.1,2.0,0.0
quiet50-15,26,2,0.023,1.1939224684724346,0.1,2.6,0.0,0.0
quiet50-15,27,3,0.206,0.831983625414161,3.7,18.0,0.0,0.0
quiet50-15,28,2,8.602,1.8854221448600317,74.2,8.6,19.0,0.43
quiet50-15,29,3,0.032,1.0296194171811583,0.3,8.7,0.0,0.0
quiet50-15,30,2,0.528,1.7445637778917806,9.1,17.3,0.0,0.0
quiet50-15,31,3,1.494,2.381409571379093,25.5,17.1,2.0,0.0
quiet50-15,32,3,6.852,2.9815517436439207,126.9,18.5,1.0,0.01
quiet50-15,33,3,2.284,2.1508036392890664,32.0,14.0,5.0,0.1
quiet50-15,34,3,2.17,2.099831497382885,30.0,13.8,2.0,0.07
quiet50-15,35,3,0.393,1.1085874337249293,7.3,18.6,0.0,0.0
quiet50-15,36,3,0.065,1.3217558399823195,0.4,6.1,0.0,0.0
quiet50-15,37,2,0.042,1.2431935174792175,0.2,5.5,0.0,0.0
quiet50-15,38,3,0.042,1.3862943611198906,0.3,6.4,0.0,0.0
quiet50-15,39,2,0.329,2.392012902895304,3.5,10.5,0.0,0.0
quiet50-15,40,2,0.028,1.1526795099383853,0.2,6.4,0.0,0.0
quiet50-15,41,2,0.041,1.366876275262789,0.2,4.4,0.0,0.0
quiet50-15,42,2,0.044,1.349926716949016,0.3,6.2,0.0,0.0
quiet50-16,0,2,0.001,0.09531017980432474,0.0,0.0,0.0,0.0
quiet50-16,1,2,0.041,1.5339303599259553,0.4,8.6,0.0,0.0
quiet50-16,2,3,0.039,1.589235205116581,0.4,9.4,0.0,0.0
quiet50-16,3,3,0.035,1.0986122886681098,0.4,10.4,0.0,0.0
quiet50-16,4,3,0.308,1.3077040865266691,4.0,13.0,0.0,0.0
quiet50-16,5,3,0.665,2.0603653946190224,7.3,10.9,2.0,0.03
quiet50-16,6,2,0.018,1.0296194171811581,0.1,6.6,1.0,0.0
quiet50-16,7,3,0.012,0.4519851237430572,0.1,9.0,0.0,0.0
quiet50-16,8,3,0.672,1.3892312207932003,9.7,14.5,0.0,0.0
quiet50-16,9,3,0.795,1.2227821362834321,11.6,14.5,0.0,0.0
quiet50-16,10,3,0.237,1.9540402751385633,1.7,7.2,2.0,0.0
quiet50-16,11,3,0.243,1.8958033290011345,1.5,6.3,1.0,0.02
quiet50-16,12,2,0.769,1.5163474893680884,9.8,12.7,1.0,0.02
quiet50-16,13,3,2.38,2.0138575421407117,27.3,11.5,8.0,0.39
quiet50-16,14,3,1.005,1.659953702571002,13.8,13.7,4.0,0.04
quiet50-16,15,3,0.431,1.0201406732266145,8.2,18.9,0.0,0.0
quiet50-16,16,2,1.975,2.2801682140795037,28.1,14.2,1.0,0.02
quiet50-16,17,2,0.042,1.6486586255873816,0.2,5.5,0.0,0.0
quiet50-16,18,3,3.903,1.5197892460686704,64.1,16.4,3.0,0.02
quiet50-16,19,2,0.013,0.8329091229351039,0.0,2.3,0.0,0.0
quiet50-16,20,3,0.03,-0.5452270504833229,0.4,12.0,0.0,0.0
quiet50-16,21,3,0.108,1.215336562976251,1.0,9.6,0.0,0.0
quiet50-16,22,3,0.34,2.423945949998313,2.7,7.8,0.0,0.0
quiet50-16,23,3,0.115,1.3019532126861397,0.3,3.0,0.0,0.0
quiet50-16,24,2,0.018,1.0296194171811581,0.0,2.2,0.0,0.0
quiet50-16,25,3,0.098,2.379546134130174,0.7,6.8,0.0,0.0
quiet50-16,26,3,0.031,1.410986973710262,0.2,6.1,0.0,0.0
quiet50-16,27,2,0.201,0.8085633512060626,3.5,17.6,0.0,0.0
quiet50-16,28,3,8.632,1.8888996028676566,76.6,8.9,21.0,0.46
quiet50-16,29,3,0.029,0.9555114450274363,0.3,9.3,0.0,0.0
quiet50-16,30,2,0.514,1.7181969020510381,9.1,17.8,0.0,0.0
quiet50-16,31,3,1.433,2.340005625643179,25.6,17.8,1.0,0.03
quiet50-16,32,3,6.831,2.978486718986524,126.1,18.5,1.0,0.01
quiet50-16,33,3,2.23,2.126982486448836,31.1,13.9,5.0,0.08
quiet50-16,34,3,2.181,2.1048646811952167,29.9,13.7,2.0,0.07
quiet50-16,35,3,0.389,1.0986122886681098,7.4,19.1,0.0,0.0
quiet50-16,36,3,0.08,1.5040773967762742,0.4,4.4,0.0,0.0
quiet50-16,37,3,0.049,1.3694872428035094,0.3,5.3,0.0,0.0
quiet50-16,38,2,0.038,1.3062516534463542,0.2,5.2,0.0,0.0
quiet50-16,39,3,0.242,2.095441883026277,2.5,10.3,0.0,0.0
quiet50-16,40,3,0.03,1.2039728043259361,0.2,5.7,0.0,0.0
quiet50-16,41,2,0.041,1.366876275262789,0.2,4.6,0.0,0.0
quiet50-16,42,3,0.034,1.1451323043030026,0.2,6.4,0.0,0.0
quiet50-17,0,3,0.001,0.09531017980432474,0.0,0.0,0.0,0.0
quiet50-17,1,3,0.029,1.265666373331276,0.3,9.6,0.0,0.0
quiet50-17,2,3,0.052,1.824549292051046,0.5,9.1,0.0,0.0
quiet50-17,3,3,0.037,1.1420974006078486,0.4,10.7,0.0,0.0
quiet50-17,4,3,0.314,1.3263962195388217,4.0,12.7,0.0,0.0
quiet50-17,5,3,0.655,2.0454397444023464,7.1,10.8,2.0,0.03
quiet50-17,6,3,0.014,0.8754687373538999,0.1,5.6,0.0,0.0
quiet50-17,7,2,0.03,1.0498221244986776,0.3,10.6,0.0,0.0
quiet50-17,8,2,0.662,1.3744599034728877,10.1,15.2,1.0,0.02
quiet50-17,9,3,0.749,1.1639416362604986,11.6,15.5,0.0,0.0
quiet50-17,10,3,0.289,2.1450955119012725,2.0,7.0,2.0,0.05
quiet50-17,11,3,0.245,1.9036773854320406,1.5,6.3,1.0,0.02
quiet50-17,12,2,0.762,1.5073209935221161,9.6,12.5,1.0,0.03
quiet50-17,13,3,2.455,2.044755983691946,28.9,11.8,13.0,0.42
quiet50-17,14,3,0.911,1.5627698473504212,12.3,13.5,1.0,0.01
quiet50-17,15,3,0.428,1.0133147081562146,8.2,19.1,0.0,0.0
quiet50-17,16,3,2.011,2.2981417383618337,28.3,14.1,1.0,0.04
quiet50-17,17,2,0.054,1.8562979903656263,0.3,5.7,0.0,0.0
quiet50-17,18,3,3.956,1.533242932937999,63.3,16.0,1.0,0.01
quiet50-17,19,2,0.014,0.8754687373538999,0.0,2.1,0.0,0.0
quiet50-17,20,3,0.021,-0.8001193001121131,0.3,12.0,0.0,0.0
quiet50-17,21,2,0.205,1.815289966638249,2.5,12.1,0.0,0.0
quiet50-17,22,2,0.317,2.355972966412107,2.4,7.6,1.0,0.0
quiet50-17,23,2,0.142,1.497519996230115,0.5,3.2,0.0,0.0
quiet50-17,24,2,0.017,0.9932517730102834,0.0,2.3,0.0,0.0
quiet50-17,25,3,0.101,2.4069451083182885,0.7,6.8,0.0,0.0
quiet50-17,26,3,0.019,1.0647107369924282,0.1,2.6,0.0,0.0
quiet50-17,27,3,0.201,0.8085633512060626,3.6,18.1,0.0,0.0
quiet50-17,28,3,8.495,1.87291979120574,74.1,8.7,17.0,0.39
quiet50-17,29,3,0.031,1.0055218656020977,0.3,8.7,0.0,0.0
quiet50-17,30,3,0.521,1.731467238971935,9.1,17.4,0.0,0.0
quiet50-17,31,3,1.531,2.405712902189424,25.6,16.7,3.0,0.05
quiet50-17,32,2,6.821,2.977023874957375,126.4,18.5,0.0,0.0
quiet50-17,33,3,2.233,2.128320876119959,30.8,13.8,4.0,0.04
quiet50-17,34,2,2.172,2.1007485079927664,30.1,13.8,2.0,0.04
quiet50-17,35,3,0.41,1.1499055830556602,7.3,17.8,0.0,0.0
quiet50-17,36,3,0.062,1.2809338454620642,0.3,5.0,0.0,0.0
quiet50-17,37,3,0.039,1.1837700970084166,0.2,4.8,0.0,0.0
quiet50-17,38,2,0.035,1.241713132308783,0.2,5.9,0.0,0.0
quiet50-17,39,3,0.264,2.179140901902924,2.5,9.6,0.0,0.0
quiet50-17,40,3,0.027,1.126011262856224,0.2,6.2,0.0,0.0
quiet50-17,41,3,0.039,1.32687094064909,0.2,4.7,0.0,0.0
quiet50-17,42,2,0.034,1.1451323043030026,0.2,6.2,0.0,0.0
quiet50-18,0,3,0.001,0.09531017980432474,0.0,0.0,0.0,0.0
quiet50-18,1,3,0.027,1.213022639845854,0.2,6.7,0.0,0.0
quiet50-18,2,3,0.042,1.6486586255873816,0.4,8.6,0.0,0.0
quiet50-18,3,2,0.036,1.120591195386885,0.4,11.0,0.0,0.0
quiet50-18,4,3,0.312,1.3202042492909007,3.9,12.5,0.0,0.0
quiet50-18,5,3,0.65,2.0378925387669637,7.1,10.9,2.0,0.0
quiet50-18,6,2,0.018,1.0296194171811581,0.0,2.2,0.0,0.0
quiet50-18,7,3,0.02,0.7621400520468967,0.2,8.6,0.0,0.0
quiet50-18,8,3,0.675,1.3936204012119635,9.9,14.7,0.0,0.0
quiet50-18,9,3,0.752,1.167886414551515,11.4,15.2,0.0,0.0
quiet50-18,10,3,0.279,2.1110786266230184,1.7,6.2,1.0,0.04
quiet50-18,11,2,0.23,1.8430527636156058,1.5,6.3,0.0,0.0
quiet50-18,12,2,0.75,1.4916548767777167,9.7,12.9,1.0,0.03
quiet50-18,13,3,2.361,2.005875983280561,26.7,11.3,9.0,0.38
quiet50-18,14,3,0.966,1.620772397508207,13.4,13.9,4.0,0.03
quiet50-18,15,2,0.449,1.0601460078403135,8.1,18.1,0.0,0.0
quiet50-18,16,2,1.993,2.289195356624031,28.4,14.2,1.0,0.02
quiet50-18,17,3,0.047,1.7404661748405046,0.3,6.4,0.0,0.0
quiet50-18,18,3,3.855,1.50744658487978,63.3,16.4,1.0,0.01
quiet50-18,19,2,0.012,0.78845736036427,0.0,2.5,0.0,0.0
quiet50-18,20,2,0.032,-0.4964368863138908,0.4,13.0,0.0,0.0
quiet50-18,21,3,0.198,1.7821900182119044,2.4,11.9,0.0,0.0
quiet50-18,22,3,0.281,2.2393360626863466,2.6,9.2,0.0,0.0
quiet50-18,23,3,0.123,1.3639886036055924,0.4,3.0,0.0,0.0
quiet50-18,24,2,0.016,0.9555114450274363,0.0,2.5,0.0,0.0
quiet50-18,25,3,0.124,2.5952547069568657,1.0,8.3,0.0,0.0
quiet50-18,26,2,0.02,1.0986122886681098,0.1,2.5,0.0,0.0
quiet50-18,27,3,0.2,0.8038127484474649,3.5,17.4,0.0,0.0
quiet50-18,28,2,8.636,1.889362351603355,74.4,8.6,21.0,0.46
quiet50-18,29,2,0.032,1.0296194171811583,0.3,8.4,0.0,0.0
quiet50-18,30,3,0.518,1.7258015014362575,9.3,17.9,0.0,0.0
quiet50-18,31,3,1.487,2.3767444512889364,24.4,16.4,3.0,0.06
quiet50-18,32,2,6.831,2.978486718986524,124.9,18.3,0.0,0.0
quiet50-18,33,3,2.21,2.1180138164660756,31.0,14.0,4.0,0.05
quiet50-18,34,2,2.133,2.0827133370733275,29.6,13.9,2.0,0.05
quiet50-18,35,3,0.381,1.078358431763612,7.3,19.3,0.0,0.0
quiet50-18,36,3,0.066,1.33500106673234,0.4,5.9,0.0,0.0
quiet50-18,37,2,0.042,1.2431935174792175,0.2,5.5,0.0,0.0
quiet50-18,38,3,0.039,1.32687094064909,0.2,5.9,0.0,0.0
quiet50-18,39,3,0.289,2.26645636890554,2.9,9.9,0.0,0.0
quiet50-18,40,2,0.027,1.126011262856224,0.2,6.3,0.0,0.0
quiet50-18,41,2,0.041,1.366876275262789,0.2,4.2,0.0,0.0
quiet50-18,42,3,0.036,1.1895840668738364,0.2,5.3,0.0,0.0
quiet50-19,0,3,0.001,0.09531017980432474,0.0,8.6,0.0,0.0
quiet50-19,1,3,0.037,1.4522523289116882,0.2,5.4,0.0,0.0
quiet50-19,2,3,0.045,1.7047480922384253,0.5,10.4,0.0,0.0
quiet50-19,3,3,0.035,1.0986122886681098,0.4,10.9,0.0,0.0
quiet50-19,4,3,0.318,1.3386663121306361,3.9,12.3,0.0,0.0
quiet50-19,5,3,0.702,2.113730615158468,7.4,10.5,2.0,0.03
quiet50-19,6,3,0.021,1.1314021114911006,0.1,6.3,0.0,0.0
quiet50-19,7,3,0.02,0.7621400520468967,0.2,9.8,0.0,0.0
quiet50-19,8,2,0.655,1.3639886036055924,9.9,15.1,1.0,0.02
quiet50-19,9,3,0.762,1.180924408889645,11.5,15.1,0.0,0.0
quiet50-19,10,3,0.295,2.164963715117998,2.2,7.4,2.0,0.06
quiet50-19,11,2,0.243,1.8958033290011345,1.9,8.0,2.0,0.0
quiet50-19,12,2,0.76,1.5047269583450698,10.0,13.2,1.0,0.03
quiet50-19,13,2,2.671,2.1287540354511147,31.4,11.8,10.0,0.5
quiet50-19,14,2,0.911,1.5627698473504212,12.6,13.9,0.0,0.0
quiet50-19,15,3,0.429,1.0155952108549398,8.1,18.8,0.0,0.0
quiet50-19,16,3,2.057,2.3206475806399807,28.1,13.7,1.0,0.01
quiet50-19,17,3,0.048,1.7578579175523736,0.3,7.0,0.0,0.0
quiet50-19,18,3,3.931,1.5269194010532616,63.9,16.2,1.0,0.01
quiet50-19,19,2,0.011,0.7419373447293771,0.0,1.8,0.0,0.0
quiet50-19,20,3,0.029,-0.5705448584676128,0.4,13.1,0.0,0.0
quiet50-19,21,3,0.18,1.6916760106710724,2.3,12.5,0.0,0.0
quiet50-19,22,2,0.36,2.479515801153124,2.7,7.6,0.0,0.0
quiet50-19,23,3,0.07,0.8556661100577203,0.3,4.6,0.0,0.0
quiet50-19,24,3,0.016,0.9555114450274363,0.1,3.7,0.0,0.0
quiet50-19,25,3,0.075,2.1400661634962708,0.5,6.9,0.0,0.0
quiet50-19,26,2,0.018,1.0296194171811581,0.1,3.9,0.0,0.0
quiet50-19,27,3,0.211,0.8548679192477489,3.8,18.2,0.0,0.0
quiet50-19,28,3,8.428,1.8650108790600621,73.4,8.7,20.0,0.39
quiet50-19,29,2,0.033,1.0531499145913525,0.3,8.3,0.0,0.0
quiet50-19,30,3,0.515,1.72010348032162,9.2,17.8,0.0,0.0
quiet50-19,31,2,1.499,2.384728525637157,24.3,16.2,0.0,0.0
quiet50-19,32,3,6.861,2.9828624552566017,126.4,18.4,1.0,0.01
quiet50-19,33,3,2.303,2.1590520038311896,31.4,13.6,4.0,0.07
quiet50-19,34,2,2.17,2.099831497382885,30.3,13.9,2.0,0.07
quiet50-19,35,3,0.386,1.0910650830327269,7.4,19.0,0.0,0.0
quiet50-19,36,3,0.08,1.5040773967762742,0.4,4.4,0.0,0.0
quiet50-19,37,3,0.041,1.2237754316221159,0.2,4.9,0.0,0.0
quiet50-19,38,3,0.041,1.366876275262789,0.2,5.4,0.0,0.0
quiet50-19,39,3,0.267,2.1900303017021923,2.6,9.8,0.0,0.0
quiet50-19,40,3,0.031,1.2286654169163074,0.2,6.4,0.0,0.0
quiet50-19,41,3,0.043,1.405342556090585,0.2,4.4,0.0,0.0
quiet50-19,42,2,0.038,1.2321436812926323,0.2,5.3,0.0,0.0
quiet50-20,0,3,0.001,0.09531017980432474,0.0,8.8,0.0,0.0
quiet50-20,1,3,0.038,1.4733057381095205,0.3,8.9,0.0,0.0
quiet50-20,2,3,0.052,1.824549292051046,0.5,9.1,0.0,0.0
quiet50-20,3,2,0.042,1.2431935174792175,0.4,10.0,0.0,0.0
quiet50-20,4,3,0.3,1.2822250012256842,3.9,13.1,0.0,0.0
quiet50-20,5,3,0.659,2.051436763874721,7.3,11.0,2.0,0.03
quiet50-20,6,3,0.025,1.252762968495368,0.1,2.0,0.0,0.0
quiet50-20,7,3,0.028,0.998528830111127,0.3,11.3,0.0,0.0
quiet50-20,8,2,0.663,1.375946892594466,10.0,15.0,1.0,0.02
quiet50-20,9,3,0.798,1.2265019173859641,11.6,14.5,0.0,0.0
quiet50-20,10,3,0.305,2.1972245773362196,2.2,7.3,2.0,0.06
quiet50-20,11,3,0.242,1.8918429277850375,1.6,6.7,1.0,0.02
quiet50-20,12,2,0.773,1.5214691394881432,9.8,12.6,1.0,0.03
quiet50-20,13,3,2.448,2.0419121873411354,27.7,11.3,9.0,0.43
quiet50-20,14,3,0.978,1.6329925088429822,13.5,13.8,4.0,0.03
quiet50-20,15,2,0.434,1.0269203602119932,8.2,18.8,0.0,0.0
quiet50-20,16,2,2.002,2.293678552177842,28.4,14.2,1.0,0.02
quiet50-20,17,2,0.051,1.8082887711792655,0.3,6.1,0.0,0.0
quiet50-20,18,3,3.907,1.5208109575240891,64.2,16.4,3.0,0.01
quiet50-20,19,3,0.014,0.8754687373538999,0.0,2.1,0.0,0.0
quiet50-20,20,3,0.03,-0.5452270504833229,0.4,13.9,0.0,0.0
quiet50-20,21,3,0.195,1.7676619176489945,2.4,12.5,0.0,0.0
quiet50-20,22,3,0.341,2.4267990189807196,2.9,8.5,0.0,0.0
quiet50-20,23,3,0.134,1.4434527749598391,0.4,3.1,0.0,0.0
quiet50-20,24,2,0.02,1.0986122886681098,0.0,2.0,0.0,0.0
quiet50-20,25,3,0.099,2.388762789235098,0.7,6.6,0.0,0.0
quiet50-20,26,2,0.023,1.1939224684724346,0.1,2.6,0.0,0.0
quiet50-20,27,3,0.213,0.8638769891901149,3.8,17.9,0.0,0.0
quiet50-20,28,2,8.785,1.9064489435474365,78.0,8.9,22.0,0.46
quiet50-20,29,3,0.033,1.0531499145913525,0.3,8.5,0.0,0.0
quiet50-20,30,3,0.536,1.759324193474901,9.3,17.3,0.0,0.0
quiet50-20,31,3,1.534,2.4076577974540294,26.5,17.3,3.0,0.07
quiet50-20,32,3,6.819,2.976731049186615,126.2,18.5,0.0,0.0
quiet50-20,33,2,2.273,2.145996988129546,32.0,14.1,6.0,0.09
quiet50-20,34,2,2.189,2.1085093321545116,30.4,13.9,2.0,0.07
quiet50-20,35,3,0.395,1.1135379388847852,7.5,19.1,0.0,0.0
quiet50-20,36,3,0.08,1.5040773967762742,0.4,4.9,0.0,0.0
quiet50-20,37,2,0.048,1.3523928094442095,0.3,5.8,0.0,0.0
quiet50-20,38,3,0.042,1.3862943611198906,0.2,5.7,0.0,0.0
quiet50-20,39,3,0.25,2.1266944265303813,2.3,9.4,0.0,0.0
quiet50-20,40,3,0.032,1.252762968495368,0.2,5.9,0.0,0.0
quiet50-20,41,3,0.043,1.405342556090585,0.2,4.4,0.0,0.0
quiet50-20,42,3,0.047,1.4039939382192914,0.3,5.8,0.0,0.0
