leg,query,try,wall_s,observed_epoch_s,package_C_after_line,mean_reported_MHz_P,mean_reported_MHz_E,cpu0_package_throttle_count
cool-01,0,1,0.05,1788839584.022913,96.0,1754.6649166666666,1913.532375,26031406
cool-01,0,2,0.003,1788839584.026822,96.0,2177.604333333333,2314.561,26031406
cool-01,0,3,0.002,1788839584.0289295,96.0,2299.1114166666666,2314.57175,26031406
cool-01,1,1,0.309,1788839584.3394265,100.0,3634.4415833333333,2595.330375,26031429
cool-01,1,2,0.039,1788839584.3792717,97.0,3503.781,3210.785875,26031432
cool-01,1,3,0.033,1788839584.4135613,80.0,3597.1471666666666,3288.232375,26031438
cool-01,2,1,0.251,1788839584.667021,98.0,3403.6388333333334,3152.273125,26031445
cool-01,2,2,0.06,1788839584.7294264,100.0,3505.18225,2732.55925,26031448
cool-01,2,3,0.036,1788839584.7674184,98.0,3678.485583333333,3186.965625,26031452
cool-01,3,1,0.954,1788839585.7222695,93.0,3353.439,2808.74425,26031487
cool-01,3,2,0.085,1788839585.8083336,92.0,3188.84075,2404.07325,26031492
cool-01,3,3,0.029,1788839585.8378053,96.0,3790.3975,3316.627875,26031494
cool-01,4,1,0.374,1788839586.2137403,96.0,2147.2861666666668,2129.93475,26031516
cool-01,4,2,0.468,1788839586.6830726,97.0,2306.2189166666667,1472.7345,26031546
cool-01,4,3,0.276,1788839586.9598665,97.0,1862.3193333333334,1145.136,26031565
cool-01,5,1,2.758,1788839589.7194037,97.0,3354.5311666666666,2454.995625,26031821
cool-01,5,2,0.716,1788839590.4364502,99.0,3562.2781666666665,2838.864625,26031879
cool-01,5,3,0.601,1788839591.0380354,96.0,3443.7444166666664,2549.897375,26031939
cool-01,6,1,0.044,1788839591.0837789,100.0,2789.7475,1817.834125,26031944
cool-01,6,2,0.023,1788839591.107668,100.0,2383.749083333333,1228.0384999999999,26031948
cool-01,6,3,0.022,1788839591.130485,88.0,2664.9151666666667,1745.462375,26031949
cool-01,7,1,0.23,1788839591.360526,99.0,3021.06625,3073.92675,26031975
cool-01,7,2,0.034,1788839591.395228,100.0,3325.220083333333,2800.26525,26031978
cool-01,7,3,0.022,1788839591.4177506,100.0,3275.7234166666667,2926.293125,26031980
cool-01,8,1,1.667,1788839593.0855265,100.0,3875.2336666666665,2012.911625,26032123
cool-01,8,2,0.595,1788839593.6818817,100.0,3676.0371666666665,2968.158125,26032174
cool-01,8,3,0.602,1788839594.285253,97.0,3267.896166666667,2917.633875,26032239
cool-01,9,1,1.001,1788839595.2877162,100.0,2828.191333333333,2434.575,26032326
cool-01,9,2,0.753,1788839596.0413406,100.0,1812.06925,1732.69825,26032398
cool-01,9,3,0.669,1788839596.711938,100.0,2877.237666666667,1430.399,26032453
cool-01,10,1,1.79,1788839598.5031238,100.0,3522.902666666667,2956.1552500000003,26032580
cool-01,10,2,0.426,1788839598.9304304,100.0,3088.941083333333,2520.636375,26032620
cool-01,10,3,0.241,1788839599.1726067,92.0,2202.7801666666664,2576.396875,26032634
cool-01,11,1,1.665,1788839600.83917,100.0,3215.60425,2910.271,26032797
cool-01,11,2,0.249,1788839601.0892146,93.0,2179.3503333333333,2250.754,26032822
cool-01,11,3,0.242,1788839601.332237,100.0,2331.0423333333333,2465.2243750000002,26032833
cool-01,12,1,1.555,1788839602.88866,92.0,2751.2250833333333,2269.147375,26032987
cool-01,12,2,0.721,1788839603.6106749,93.0,2875.7139166666666,2490.266375,26033066
cool-01,12,3,0.736,1788839604.3474827,85.0,3146.7765,2685.708875,26033135
cool-01,13,1,2.624,1788839606.972189,94.0,3500.2033333333334,2708.9856250000003,26033422
cool-01,13,2,2.708,1788839609.6812615,93.0,2531.21175,2774.340625,26033710
cool-01,13,3,2.445,1788839612.1275527,96.0,3067.4958333333334,2364.568125,26033992
cool-01,14,1,1.959,1788839614.0878272,98.0,2567.1464166666665,2482.914125,26034188
cool-01,14,2,1.052,1788839615.1411934,97.0,2561.54525,1204.2455,26034292
cool-01,14,3,0.884,1788839616.0258992,91.0,2864.9439166666666,2386.130625,26034420
cool-01,15,1,1.136,1788839617.16345,92.0,2830.40775,2364.959625,26034559
cool-01,15,2,0.456,1788839617.6208656,92.0,2776.5690833333333,2504.9230000000002,26034622
cool-01,15,3,0.422,1788839618.0438414,94.0,2335.985166666667,2414.409875,26034672
cool-01,16,1,3.981,1788839622.025678,89.0,2854.2930833333335,2484.260375,26035091
cool-01,16,2,2.009,1788839624.0359118,96.0,2907.061,2736.646,26035335
cool-01,16,3,2.005,1788839626.0417686,93.0,3335.7175,2440.831875,26035580
cool-01,17,1,0.532,1788839626.5746257,97.0,3284.2433333333333,2917.8385,26035625
cool-01,17,2,0.045,1788839626.6202774,100.0,3507.1186666666667,2900.026375,26035630
cool-01,17,3,0.051,1788839626.67235,100.0,3459.6419166666665,2900.146875,26035634
cool-01,18,1,6.492,1788839633.165504,97.0,2425.23125,2709.8615,26036314
cool-01,18,2,3.934,1788839637.1009524,96.0,3104.7295,2799.053,26036803
cool-01,18,3,4.008,1788839641.1099017,89.0,2139.063416666667,2223.149875,26037132
cool-01,19,1,0.034,1788839641.1449025,92.0,1733.3896666666667,859.181125,26037132
cool-01,19,2,0.016,1788839641.1615927,97.0,1803.9268333333334,580.54025,26037132
cool-01,19,3,0.013,1788839641.1744685,99.0,2243.5266666666666,580.54025,26037134
cool-01,20,1,2.547,1788839643.7218409,100.0,2994.2701666666667,3299.900875,26037232
cool-01,20,2,0.038,1788839643.7604165,97.0,2592.2305833333335,2517.286125,26037232
cool-01,20,3,0.035,1788839643.795789,94.0,2604.427583333333,2700.11975,26037233
cool-01,21,1,0.265,1788839644.0614254,98.0,2765.7136666666665,1423.7962499999999,26037248
cool-01,21,2,0.22,1788839644.282406,98.0,3138.505833333333,2065.301,26037274
cool-01,21,3,0.203,1788839644.4867582,96.0,2860.0340833333335,2443.912875,26037292
cool-01,22,1,6.908,1788839651.4063406,100.0,1540.2048333333332,1414.667,26037806
cool-01,22,2,0.39,1788839651.7881777,90.0,2709.0668333333333,1972.841875,26037833
cool-01,22,3,0.341,1788839652.1301577,96.0,2602.7961666666665,1026.601375,26037875
cool-01,23,1,0.574,1788839652.7055464,97.0,1374.1520833333334,535.5416250000001,26037933
cool-01,23,2,0.149,1788839652.8545833,100.0,1639.8485,1017.7597499999999,26037948
cool-01,23,3,0.134,1788839652.988988,99.0,1959.8408333333334,1417.2785,26037956
cool-01,24,1,0.105,1788839653.0944366,100.0,1695.8565833333332,2135.907,26037966
cool-01,24,2,0.11,1788839653.2045844,100.0,3325.0916666666667,2915.094,26037974
cool-01,24,3,0.026,1788839653.230946,100.0,3072.861083333333,1777.64275,26037974
cool-01,25,1,0.364,1788839653.5953295,100.0,2529.119583333333,1129.943125,26038015
cool-01,25,2,0.103,1788839653.6990666,97.0,1606.871,1233.12,26038029
cool-01,25,3,0.087,1788839653.786426,97.0,2143.5761666666667,1505.99575,26038036
cool-01,26,1,0.037,1788839653.8237784,99.0,2276.14725,2059.71575,26038039
cool-01,26,2,0.022,1788839653.845887,100.0,3149.8746666666666,2586.472875,26038043
cool-01,26,3,0.02,1788839653.8663194,100.0,2959.30425,1964.54675,26038044
cool-01,27,1,1.463,1788839655.3296504,98.0,2805.551916666667,2557.6665,26038186
cool-01,27,2,0.227,1788839655.5571582,97.0,2795.9625,2333.087125,26038208
cool-01,27,3,0.2,1788839655.7577083,97.0,2775.94475,2431.4735,26038229
cool-01,28,1,15.198,1788839670.9562268,90.0,1420.4613333333334,1529.6488749999999,26039375
cool-01,28,2,9.167,1788839680.1239998,96.0,3140.681,2999.56325,26040173
cool-01,28,3,9.108,1788839689.2325342,90.0,2273.780333333333,3064.084125,26041074
cool-01,29,1,0.661,1788839689.8948221,91.0,2790.88575,1952.8205,26041092
cool-01,29,2,0.033,1788839689.9291403,98.0,2148.8965,1937.146875,26041093
cool-01,29,3,0.032,1788839689.962005,100.0,1674.16925,2200.824,26041097
cool-01,30,1,2.524,1788839692.4873135,90.0,1100.8129999999999,847.8885,26041239
cool-01,30,2,0.537,1788839693.0259323,90.0,2662.61175,1804.516,26041239
cool-01,30,3,0.546,1788839693.5727105,90.0,2682.813583333333,2032.677375,26041239
cool-01,31,1,3.144,1788839696.7178822,89.0,2361.72075,1667.629625,26041313
cool-01,31,2,2.982,1788839699.7002885,92.0,1458.1423333333335,1212.8453749999999,26041323
cool-01,31,3,3.003,1788839702.7038116,90.0,2731.39975,1486.9212499999999,26041394
cool-01,32,1,10.429,1788839713.1338398,98.0,2778.0960833333334,2972.419625,26042481
cool-01,32,2,7.11,1788839720.2449257,100.0,3313.24825,3008.7868750000002,26043434
cool-01,32,3,7.097,1788839727.342386,100.0,1886.4776666666667,1053.4105,26044342
cool-01,33,1,3.527,1788839730.870506,89.0,1840.0325,951.55375,26044704
cool-01,33,2,2.623,1788839733.494209,89.0,2277.4180833333335,2306.390625,26044969
cool-01,33,3,2.299,1788839735.793741,92.0,2619.09475,2362.996,26045283
cool-01,34,1,2.249,1788839738.0435233,95.0,2445.209083333333,2228.8255,26045578
cool-01,34,2,2.189,1788839740.233055,93.0,2485.8460833333334,2389.168125,26045828
cool-01,34,3,2.265,1788839742.4994361,94.0,2629.78375,2207.338625,26046134
cool-01,35,1,0.726,1788839743.2262971,93.0,2527.4000833333334,2167.70725,26046206
cool-01,35,2,0.405,1788839743.6318648,93.0,2523.331166666667,2144.333625,26046273
cool-01,35,3,0.401,1788839744.0334022,94.0,2418.6105,2246.651125,26046324
cool-01,36,1,0.244,1788839744.2785673,99.0,2998.47475,2742.552125,26046339
cool-01,36,2,0.067,1788839744.347065,98.0,2889.6155,2379.010875,26046340
cool-01,36,3,0.066,1788839744.4144013,88.0,2187.7984166666665,2012.3995,26046343
cool-01,37,1,0.81,1788839745.2256107,94.0,3129.2838333333334,2614.281875,26046360
cool-01,37,2,0.04,1788839745.266892,96.0,3266.9259166666666,2656.2595,26046364
cool-01,37,3,0.042,1788839745.310056,92.0,3124.77225,2605.5074999999997,26046367
cool-01,38,1,0.722,1788839746.0333815,100.0,3635.809,3240.745125,26046399
cool-01,38,2,0.038,1788839746.071766,100.0,3155.717166666667,2736.0655,26046404
cool-01,38,3,0.041,1788839746.1129653,100.0,2860.003583333333,2698.30825,26046406
cool-01,39,1,0.541,1788839746.6552215,98.0,2038.7890833333333,1550.302625,26046454
cool-01,39,2,0.493,1788839747.149132,98.0,1551.8173333333334,734.9188750000001,26046511
cool-01,39,3,0.378,1788839747.5281568,100.0,2035.4649166666668,2477.7446250000003,26046546
cool-01,40,1,0.135,1788839747.6638546,98.0,3024.3315000000002,2126.477125,26046558
cool-01,40,2,0.031,1788839747.695591,98.0,2624.391166666667,2600.02975,26046563
cool-01,40,3,0.03,1788839747.726606,98.0,2746.379,2710.82425,26046567
cool-01,41,1,0.085,1788839747.812215,98.0,1721.9574166666666,995.1737499999999,26046580
cool-01,41,2,0.049,1788839747.8615134,98.0,2645.7820833333335,812.6469999999999,26046583
cool-01,41,3,0.042,1788839747.904709,100.0,2845.7093333333332,2517.890125,26046589
cool-01,42,1,0.362,1788839748.267047,97.0,2607.6344166666668,1752.3845000000001,26046619
cool-01,42,2,0.049,1788839748.3166215,100.0,3354.7528333333335,2899.716,26046627
cool-01,42,3,0.043,1788839748.360576,98.0,2893.4571666666666,2149.11125,26046636
cool-02,0,1,0.05,1788839824.8750544,92.0,1722.5833333333333,1465.6215,26051592
cool-02,0,2,0.002,1788839824.8774927,90.0,2326.7870000000003,1577.943875,26051592
cool-02,0,3,0.001,1788839824.878831,90.0,2545.84875,2249.487125,26051592
cool-02,1,1,0.344,1788839825.223743,98.0,3472.2485,2767.6797500000002,26051608
cool-02,1,2,0.029,1788839825.2536407,96.0,2571.1328333333336,2599.126375,26051608
cool-02,1,3,0.028,1788839825.2824945,82.0,2991.3083333333334,3292.396125,26051610
cool-02,2,1,0.32,1788839825.6041386,95.0,2871.9928333333332,2370.16025,26051626
cool-02,2,2,0.056,1788839825.6615121,93.0,3653.8890833333335,3085.80875,26051631
cool-02,2,3,0.034,1788839825.6971428,92.0,3938.38425,2827.755625,26051631
cool-02,3,1,1.169,1788839826.8679392,91.0,3031.9379166666668,2704.558625,26051693
cool-02,3,2,0.103,1788839826.9716394,89.0,3157.2663333333335,2918.9053750000003,26051700
cool-02,3,3,0.043,1788839827.015488,96.0,2879.649,2371.189,26051705
cool-02,4,1,0.433,1788839827.4498885,92.0,2539.6656666666668,2148.28225,26051744
cool-02,4,2,0.351,1788839827.8022757,96.0,1696.1754166666667,2272.2309999999998,26051772
cool-02,4,3,0.276,1788839828.0808167,100.0,2338.5210833333335,2793.110875,26051786
cool-02,5,1,2.603,1788839830.6846576,92.0,2701.94925,2468.17125,26052007
cool-02,5,2,0.703,1788839831.3885436,100.0,3253.014583333333,2715.022375,26052084
cool-02,5,3,0.629,1788839832.018737,98.0,3794.66325,3134.304,26052140
cool-02,6,1,0.051,1788839832.0707347,98.0,2840.815833333333,2325.15575,26052148
cool-02,6,2,0.03,1788839832.1010685,98.0,2174.6979166666665,1350.364125,26052151
cool-02,6,3,0.028,1788839832.128985,100.0,2279.5248333333334,1428.695875,26052154
cool-02,7,1,0.22,1788839832.34954,99.0,3164.6766666666667,2138.386375,26052172
cool-02,7,2,0.029,1788839832.379417,98.0,2969.791583333333,2716.190125,26052174
cool-02,7,3,0.026,1788839832.406053,96.0,3220.5725833333336,2412.988125,26052176
cool-02,8,1,1.835,1788839834.242615,100.0,3309.74375,2354.621125,26052321
cool-02,8,2,0.61,1788839834.8532414,100.0,3275.3202499999998,3222.198875,26052367
cool-02,8,3,0.614,1788839835.4683528,100.0,3786.378083333333,3051.475875,26052426
cool-02,9,1,0.99,1788839836.4595368,100.0,1684.3975833333334,1519.4724999999999,26052512
cool-02,9,2,0.779,1788839837.2401047,96.0,2637.2121666666667,1518.210125,26052574
cool-02,9,3,0.69,1788839837.93255,98.0,1673.2236666666668,1475.294625,26052634
cool-02,10,1,1.741,1788839839.674774,100.0,3301.4379166666668,1963.883875,26052760
cool-02,10,2,0.364,1788839840.0398185,97.0,2899.9295,2475.747125,26052797
cool-02,10,3,0.267,1788839840.3078558,97.0,3077.393416666667,2582.51575,26052821
cool-02,11,1,1.393,1788839841.70211,97.0,3468.8283333333334,2495.274375,26052980
cool-02,11,2,0.252,1788839841.9548662,97.0,2793.9288333333334,3025.872625,26053004
cool-02,11,3,0.246,1788839842.2014086,100.0,2723.3435,1898.673875,26053024
cool-02,12,1,1.681,1788839843.8838034,97.0,2761.425333333333,2602.68375,26053193
cool-02,12,2,0.819,1788839844.7041829,96.0,2865.5880833333335,2320.48725,26053288
cool-02,12,3,0.798,1788839845.5028236,94.0,2455.6280833333335,2698.4055,26053374
cool-02,13,1,2.71,1788839848.213885,94.0,3578.2195833333335,2598.806125,26053680
cool-02,13,2,3.179,1788839851.3943157,92.0,3499.05175,2518.788625,26054028
cool-02,13,3,2.5,1788839853.8955662,93.0,2478.12875,3048.05725,26054328
cool-02,14,1,2.49,1788839856.38698,86.0,2782.1239166666664,2309.532875,26054557
cool-02,14,2,1.034,1788839857.4216716,84.0,1600.6594166666666,1708.48125,26054658
cool-02,14,3,0.949,1788839858.3714976,94.0,2877.4558333333334,2427.936,26054759
cool-02,15,1,1.012,1788839859.3861523,93.0,2660.7318333333333,2566.99775,26054867
cool-02,15,2,0.428,1788839859.815366,91.0,2567.6271666666667,2560.63425,26054920
cool-02,15,3,0.437,1788839860.253109,97.0,2880.52175,2378.46025,26054978
cool-02,16,1,5.049,1788839865.3035133,97.0,2261.07175,2044.27075,26055591
cool-02,16,2,2.045,1788839867.3498933,88.0,2869.1973333333335,1265.650875,26055818
cool-02,16,3,2.072,1788839869.4230382,98.0,3187.6946666666668,2549.0015,26056071
cool-02,17,1,0.385,1788839869.8096244,94.0,3010.174916666667,2621.353625,26056100
cool-02,17,2,0.055,1788839869.8656497,100.0,3239.46875,2879.27375,26056107
cool-02,17,3,0.048,1788839869.9146655,100.0,3418.612833333333,2879.7995,26056115
cool-02,18,1,6.673,1788839876.5883558,94.0,3002.7593333333334,1900.609625,26056778
cool-02,18,2,4.174,1788839880.7633853,96.0,3000.4073333333336,2570.7178750000003,26057248
cool-02,18,3,3.946,1788839884.7099075,98.0,3127.9432500000003,2478.220625,26057670
cool-02,19,1,0.02,1788839884.731344,100.0,2483.1305,1649.329,26057672
cool-02,19,2,0.016,1788839884.747312,100.0,1704.8154166666666,864.8445,26057672
cool-02,19,3,0.013,1788839884.7600522,100.0,1352.71875,1008.894,26057674
cool-02,20,1,1.965,1788839886.7251115,100.0,2059.206,1679.709625,26057878
cool-02,20,2,0.038,1788839886.763846,97.0,2965.2610833333333,2589.271625,26057881
cool-02,20,3,0.038,1788839886.802592,94.0,2405.3085833333334,2312.79475,26057883
cool-02,21,1,0.273,1788839887.0764823,97.0,2905.71625,2598.84475,26057900
cool-02,21,2,0.182,1788839887.2594872,99.0,3174.1617499999998,2603.154375,26057916
cool-02,21,3,0.213,1788839887.473552,99.0,2660.5858333333335,2600.0391250000002,26057939
cool-02,22,1,6.687,1788839894.1629355,100.0,3165.760416666667,2282.04425,26058474
cool-02,22,2,0.498,1788839894.6610942,97.0,1952.6055000000001,1785.60675,26058511
cool-02,22,3,0.364,1788839895.026036,93.0,2728.49825,3199.744375,26058527
cool-02,23,1,0.619,1788839895.6458724,98.0,2080.38775,2652.292875,26058561
cool-02,23,2,0.157,1788839895.8026679,98.0,1933.2160000000001,2798.058,26058576
cool-02,23,3,0.16,1788839895.9630194,98.0,2119.7388333333333,1898.4503750000001,26058586
cool-02,24,1,0.098,1788839896.0613668,99.0,1977.3339166666667,1335.16375,26058591
cool-02,24,2,0.035,1788839896.0967965,100.0,2541.923333333333,1341.446375,26058593
cool-02,24,3,0.018,1788839896.1148834,99.0,2429.79325,2249.905,26058594
cool-02,25,1,0.308,1788839896.4232333,98.0,2207.572,1270.7683749999999,26058618
cool-02,25,2,0.151,1788839896.5747643,98.0,2108.1959166666666,1171.11925,26058626
cool-02,25,3,0.084,1788839896.659464,98.0,2364.3505833333334,975.95025,26058637
cool-02,26,1,0.039,1788839896.6993132,100.0,2507.6679166666668,1724.269875,26058640
cool-02,26,2,0.022,1788839896.7211945,100.0,2806.09525,2455.910875,26058644
cool-02,26,3,0.021,1788839896.7423518,99.0,1927.9010833333334,2206.61475,26058647
cool-02,27,1,1.569,1788839898.3113074,95.0,1871.90925,1772.7561249999999,26058797
cool-02,27,2,0.232,1788839898.5446327,96.0,2872.637166666667,2471.988625,26058816
cool-02,27,3,0.2,1788839898.745091,96.0,2821.3231666666666,2267.9595,26058837
cool-02,28,1,12.756,1788839911.5117996,100.0,2827.4798333333333,1852.2526249999999,26060220
cool-02,28,2,8.925,1788839920.4283679,96.0,3223.6653333333334,2875.016625,26061227
cool-02,28,3,8.759,1788839929.1879807,96.0,3529.8782499999998,2134.5545,26062110
cool-02,29,1,0.837,1788839930.0259547,100.0,2316.09275,3300.36675,26062134
cool-02,29,2,0.035,1788839930.0618203,99.0,2557.2095833333333,2788.5715,26062138
cool-02,29,3,0.032,1788839930.0941525,99.0,2442.93075,2709.089875,26062144
cool-02,30,1,3.591,1788839933.6867106,88.0,2240.06575,2151.886125,26062228
cool-02,30,2,0.536,1788839934.2238436,86.0,1884.438,2045.307625,26062228
cool-02,30,3,0.535,1788839934.759427,87.0,1204.006,1126.995625,26062228
cool-02,31,1,3.236,1788839937.9963577,93.0,1224.4615000000001,1178.022,26062272
cool-02,31,2,3.322,1788839941.3203664,83.0,2823.5443333333333,2322.61675,26062280
cool-02,31,3,2.957,1788839944.277369,87.0,1126.6803333333332,1449.950375,26062292
cool-02,32,1,10.401,1788839954.689049,88.0,1347.8283333333334,738.933125,26062370
cool-02,32,2,6.865,1788839961.5450954,100.0,1802.0404166666667,3276.151,26062998
cool-02,32,3,6.835,1788839968.38051,100.0,1465.9402499999999,1847.0455,26063782
cool-02,33,1,3.558,1788839971.938847,92.0,2738.8079166666666,2468.518375,26064138
cool-02,33,2,2.429,1788839974.3685045,96.0,2543.5688333333333,2381.721625,26064480
cool-02,33,3,2.323,1788839976.692239,97.0,2583.8515833333336,2302.0595,26064799
cool-02,34,1,2.375,1788839979.0686605,94.0,2250.4344166666665,2205.79425,26065099
cool-02,34,2,2.236,1788839981.3057735,95.0,2448.8843333333334,2346.458875,26065436
cool-02,34,3,2.235,1788839983.5419118,94.0,2554.855916666667,2469.679875,26065752
cool-02,35,1,0.678,1788839984.221035,93.0,2268.74,2272.28975,26065837
cool-02,35,2,0.393,1788839984.6150572,95.0,2296.4905,2034.911125,26065887
cool-02,35,3,0.391,1788839985.0069993,97.0,2247.540916666667,2143.590375,26065927
cool-02,36,1,0.28,1788839985.288775,100.0,3166.407833333333,2588.829125,26065948
cool-02,36,2,0.103,1788839985.392148,100.0,2517.8285833333334,2176.883375,26065955
cool-02,36,3,0.088,1788839985.4814134,92.0,3227.0351666666666,2491.488125,26065968
cool-02,37,1,0.923,1788839986.405606,90.0,2964.8548333333333,2267.285625,26065984
cool-02,37,2,0.054,1788839986.460497,88.0,2538.6209166666667,2310.55975,26065985
cool-02,37,3,0.053,1788839986.5141985,92.0,2433.137833333333,3033.61425,26065987
cool-02,38,1,0.573,1788839987.0879765,100.0,3279.224333333333,2405.2908749999997,26066006
cool-02,38,2,0.04,1788839987.1288543,100.0,3180.427333333333,2725.989375,26066010
cool-02,38,3,0.04,1788839987.169063,97.0,2970.4483333333333,2520.745625,26066013
cool-02,39,1,0.782,1788839987.951539,99.0,2109.5410833333335,2046.191875,26066085
cool-02,39,2,0.368,1788839988.320343,97.0,1536.3306666666667,1150.85475,26066112
cool-02,39,3,0.323,1788839988.6444523,100.0,1517.9338333333333,1690.5885,26066143
cool-02,40,1,0.14,1788839988.7857144,100.0,2678.2833333333333,2314.0123750000002,26066155
cool-02,40,2,0.037,1788839988.8233194,98.0,2638.357,1927.5155,26066159
cool-02,40,3,0.038,1788839988.862044,100.0,2324.8868333333335,1605.282625,26066164
cool-02,41,1,0.101,1788839988.964323,97.0,1517.115,1107.038,26066176
cool-02,41,2,0.048,1788839989.013405,100.0,1887.9900833333334,901.0738749999999,26066180
cool-02,41,3,0.048,1788839989.0624592,100.0,1586.323,925.85875,26066184
cool-02,42,1,0.407,1788839989.4725597,97.0,2636.8938333333335,2379.817125,26066228
cool-02,42,2,0.043,1788839989.516875,97.0,2984.2386666666666,2675.70425,26066234
cool-02,42,3,0.042,1788839989.5596004,98.0,2294.5628333333334,2437.7475,26066236
cap65-01,0,1,0.053,1788840089.3874323,92.0,2717.4162499999998,2196.513875,26072525
cap65-01,0,2,0.002,1788840089.4076085,86.0,1492.1078333333335,1387.9445,26072525
cap65-01,0,3,0.001,1788840089.426053,90.0,4099.993083333333,3300.010125,26072525
cap65-01,1,1,0.369,1788840089.7612576,96.0,3882.1565,3108.867625,26072534
cap65-01,1,2,0.042,1788840089.8046587,91.0,3954.7579166666665,3155.216375,26072534
cap65-01,1,3,0.036,1788840089.8413086,89.0,4100.002916666666,3299.995,26072534
cap65-01,2,1,0.271,1788840090.1134913,85.0,3699.9996666666666,2999.99125,26072537
cap65-01,2,2,0.072,1788840090.1874063,86.0,2508.0999166666666,3249.9855,26072537
cap65-01,2,3,0.045,1788840090.233995,91.0,3266.8308333333334,2982.683625,26072538
cap65-01,3,1,1.092,1788840091.3273456,85.0,3730.1425,3299.97325,26072552
cap65-01,3,2,0.108,1788840091.4363306,82.0,3300.1086666666665,2853.026625,26072555
cap65-01,3,3,0.037,1788840091.4750402,84.0,4100.01025,3299.992625,26072555
cap65-01,4,1,0.395,1788840091.8714368,90.0,4099.999666666667,3300.00625,26072564
cap65-01,4,2,0.465,1788840092.3372672,90.0,3683.0495833333334,3000.0625,26072576
cap65-01,4,3,0.283,1788840092.6208599,87.0,2664.01625,1992.759875,26072585
cap65-01,5,1,2.287,1788840094.908959,100.0,2773.0785,1099.282125,26072717
cap65-01,5,2,0.714,1788840095.6239486,100.0,3122.7711666666664,2208.750875,26072783
cap65-01,5,3,0.681,1788840096.3058145,98.0,3904.0940833333334,3098.87325,26072828
cap65-01,6,1,0.056,1788840096.3633244,100.0,2715.2414166666667,1619.468625,26072831
cap65-01,6,2,0.033,1788840096.397053,97.0,2781.9905,965.5628750000001,26072832
cap65-01,6,3,0.032,1788840096.428942,100.0,1994.7030833333333,1470.3515,26072833
cap65-01,7,1,0.253,1788840096.6824143,100.0,3684.9506666666666,2988.5727500000003,26072858
cap65-01,7,2,0.107,1788840096.7906013,100.0,3599.99975,2900.007625,26072867
cap65-01,7,3,0.062,1788840096.8530748,100.0,3215.4675,2972.7688749999998,26072875
cap65-01,8,1,1.771,1788840098.6246853,98.0,3080.8300833333333,2459.75075,26073047
cap65-01,8,2,0.655,1788840099.279903,100.0,3300.0,2699.9922500000002,26073100
cap65-01,8,3,0.657,1788840099.9371574,100.0,1773.7791666666667,1341.49425,26073163
cap65-01,9,1,1.117,1788840101.0554435,100.0,2464.3241666666668,942.109,26073270
cap65-01,9,2,0.818,1788840101.8748763,97.0,3284.5756666666666,2700.043375,26073328
cap65-01,9,3,0.745,1788840102.6201704,96.0,2774.3005,2092.246,26073397
cap65-01,10,1,1.581,1788840104.2021697,100.0,3499.9909166666666,2899.996375,26073541
cap65-01,10,2,0.456,1788840104.6587927,100.0,3483.4915833333334,2374.56675,26073602
cap65-01,10,3,0.329,1788840104.9890661,100.0,4012.068333333333,3294.968625,26073637
cap65-01,11,1,1.531,1788840106.521142,100.0,3410.7318333333333,2716.503,26073779
cap65-01,11,2,0.288,1788840106.809555,97.0,2576.00675,2179.4115,26073810
cap65-01,11,3,0.249,1788840107.059098,96.0,2940.2165,3122.09025,26073848
cap65-01,12,1,1.834,1788840108.8941271,98.0,3079.56625,2172.522625,26074016
cap65-01,12,2,0.78,1788840109.6752243,96.0,3243.5761666666667,2716.182875,26074101
cap65-01,12,3,0.819,1788840110.4950104,96.0,2229.702583333333,2246.023125,26074178
cap65-01,13,1,2.964,1788840113.459887,98.0,2601.24025,2803.114625,26074463
cap65-01,13,2,2.485,1788840115.945585,100.0,3139.840833333333,2659.888,26074751
cap65-01,13,3,2.635,1788840118.5814474,97.0,2221.6889166666665,2845.107625,26074998
cap65-01,14,1,2.436,1788840121.0182889,93.0,3643.034,2600.017125,26075280
cap65-01,14,2,1.283,1788840122.3019183,100.0,2607.2589166666667,2837.8135,26075418
cap65-01,14,3,1.021,1788840123.3239863,93.0,3696.2454166666666,3000.0425,26075516
cap65-01,15,1,1.046,1788840124.3707314,99.0,3099.9935833333334,2599.998125,26075620
cap65-01,15,2,0.438,1788840124.8098135,98.0,2986.0020833333333,2600.009,26075665
cap65-01,15,3,0.438,1788840125.2485573,93.0,3337.1266666666666,2762.86875,26075701
cap65-01,16,1,4.741,1788840129.9906728,96.0,1880.9803333333334,1430.9425,26076212
cap65-01,16,2,2.064,1788840132.0556073,96.0,3370.0680833333336,2682.44775,26076439
cap65-01,16,3,2.111,1788840134.1676676,94.0,3698.566,3024.452375,26076687
cap65-01,17,1,0.19,1788840134.358302,99.0,2029.8935,2055.2165,26076713
cap65-01,17,2,0.055,1788840134.4139774,100.0,3148.257416666667,1574.9067499999999,26076715
cap65-01,17,3,0.048,1788840134.4626207,100.0,3149.5761666666667,1642.9115,26076721
cap65-01,18,1,7.559,1788840142.0227292,100.0,3370.7563333333333,2996.6820000000002,26077603
cap65-01,18,2,4.118,1788840146.1419482,97.0,1737.463,1549.056875,26078035
cap65-01,18,3,3.9,1788840150.0434883,95.0,1792.7365833333333,741.19775,26078497
cap65-01,19,1,0.037,1788840150.0816777,100.0,2663.9639166666666,842.576,26078500
cap65-01,19,2,0.016,1788840150.108317,100.0,2286.0665833333333,960.703,26078501
cap65-01,19,3,0.014,1788840150.1354373,98.0,2061.7278333333334,975.404625,26078503
cap65-01,20,1,2.412,1788840152.5257244,90.0,2953.7254166666667,2652.09825,26078709
cap65-01,20,2,0.033,1788840152.5609856,97.0,3999.9896666666664,3200.02525,26078716
cap65-01,20,3,0.027,1788840152.6106153,100.0,3095.1219166666665,2599.999375,26078718
cap65-01,21,1,0.288,1788840152.8769596,98.0,2600.07075,2524.19625,26078739
cap65-01,21,2,0.19,1788840153.0683582,98.0,3000.244,2742.19625,26078753
cap65-01,21,3,0.218,1788840153.2866795,99.0,2096.284833333333,1520.398625,26078783
cap65-01,22,1,7.335,1788840160.622874,100.0,2085.896583333333,2756.322125,26079334
cap65-01,22,2,0.75,1788840161.3741045,100.0,3187.43325,2699.94625,26079394
cap65-01,22,3,0.346,1788840161.7211816,100.0,3488.4160833333335,2900.001125,26079428
cap65-01,23,1,0.608,1788840162.329598,96.0,2244.5068333333334,609.881,26079469
cap65-01,23,2,0.141,1788840162.471016,96.0,2771.541333333333,2214.8835,26079480
cap65-01,23,3,0.123,1788840162.5943074,96.0,2718.8883333333333,1789.86475,26079491
cap65-01,24,1,0.151,1788840162.745666,98.0,2487.4209166666665,2145.047375,26079503
cap65-01,24,2,0.025,1788840162.7713819,100.0,2780.331416666667,1246.49875,26079506
cap65-01,24,3,0.021,1788840162.7965152,100.0,2014.34425,1512.247125,26079510
cap65-01,25,1,0.337,1788840163.1301434,100.0,2773.58425,3065.306125,26079545
cap65-01,25,2,0.151,1788840163.2810645,93.0,2784.9530833333333,2418.7135,26079553
cap65-01,25,3,0.094,1788840163.3752499,100.0,3024.5314166666667,1447.869375,26079563
cap65-01,26,1,0.039,1788840163.4145367,100.0,2646.4758333333334,1962.3795,26079566
cap65-01,26,2,0.025,1788840163.4447389,100.0,3095.4869166666667,2154.25825,26079571
cap65-01,26,3,0.025,1788840163.4702864,100.0,1640.669,1408.708375,26079574
cap65-01,27,1,1.954,1788840165.419562,94.0,2936.62475,2810.245375,26079738
cap65-01,27,2,0.224,1788840165.6441143,100.0,2699.9999166666666,2400.016125,26079766
cap65-01,27,3,0.209,1788840165.8538783,95.0,1629.4105,1257.645375,26079782
cap65-01,28,1,12.891,1788840178.7465446,100.0,3575.2939166666665,2247.586625,26081129
cap65-01,28,2,8.852,1788840187.5992825,95.0,3631.9915,3040.609375,26082104
cap65-01,28,3,8.647,1788840196.2473323,100.0,2334.3544166666666,1771.7973749999999,26083065
cap65-01,29,1,0.174,1788840196.4225338,98.0,1897.8969166666666,2252.150875,26083071
cap65-01,29,2,0.046,1788840196.4693282,97.0,2254.4911666666667,837.2265,26083073
cap65-01,29,3,0.037,1788840196.5075564,98.0,2281.0594166666665,1946.959625,26083073
cap65-01,30,1,2.807,1788840199.315801,95.0,1923.7670833333334,917.023875,26083291
cap65-01,30,2,0.517,1788840199.833831,96.0,2160.6471666666666,527.885125,26083365
cap65-01,30,3,0.522,1788840200.3562307,96.0,2096.5955833333333,416.1115,26083431
cap65-01,31,1,2.998,1788840203.3552704,100.0,3243.974833333333,1664.909125,26083726
cap65-01,31,2,1.854,1788840205.2099168,100.0,1973.9940000000001,1258.661625,26083919
cap65-01,31,3,2.267,1788840207.477655,98.0,2598.68725,2229.307375,26084208
cap65-01,32,1,9.36,1788840216.8388212,90.0,2420.78775,1358.54675,26084316
cap65-01,32,2,6.98,1788840223.820386,100.0,1868.4020833333334,1075.909625,26084980
cap65-01,32,3,6.767,1788840230.5880313,97.0,3350.2695,2114.88975,26085738
cap65-01,33,1,3.717,1788840234.3059928,97.0,1652.2840833333332,1525.265375,26086178
cap65-01,33,2,2.84,1788840237.1470633,91.0,1663.5383333333332,1405.48275,26086464
cap65-01,33,3,2.371,1788840239.5192833,96.0,2128.0994166666665,688.635,26086693
cap65-01,34,1,2.332,1788840241.8520029,96.0,1788.9394166666666,1535.3835,26086941
cap65-01,34,2,2.194,1788840244.047328,93.0,1507.29325,1658.537625,26087184
cap65-01,34,3,2.261,1788840246.3093834,94.0,3000.00325,2599.9875,26087482
cap65-01,35,1,0.634,1788840246.9450564,97.0,2899.9924166666665,2500.00775,26087549
cap65-01,35,2,0.395,1788840247.3405256,96.0,2899.994833333333,2499.997375,26087595
cap65-01,35,3,0.394,1788840247.7355897,96.0,1777.9025,1457.93975,26087637
cap65-01,36,1,0.329,1788840248.0652988,100.0,2326.8570833333333,437.932,26087654
cap65-01,36,2,0.069,1788840248.1348796,97.0,2193.5324166666664,1183.449875,26087658
cap65-01,36,3,0.063,1788840248.1984792,100.0,1570.4385833333333,1427.1198749999999,26087661
cap65-01,37,1,0.622,1788840248.8217752,94.0,2139.03425,1990.7755,26087669
cap65-01,37,2,0.045,1788840248.8678758,89.0,1435.74125,1393.35825,26087669
cap65-01,37,3,0.05,1788840248.9191926,95.0,2488.4338333333335,1017.9190000000001,26087672
cap65-01,38,1,0.753,1788840249.6733286,94.0,3802.70375,2813.57625,26087710
cap65-01,38,2,0.043,1788840249.7200575,99.0,2966.045666666667,1112.339875,26087711
cap65-01,38,3,0.039,1788840249.7561295,100.0,3550.943166666667,2912.574,26087716
cap65-01,39,1,0.792,1788840250.5494933,100.0,3529.0230833333335,3099.996,26087816
cap65-01,39,2,0.502,1788840251.0520298,99.0,3056.3396666666667,2599.99775,26087861
cap65-01,39,3,0.369,1788840251.4220345,100.0,2485.075083333333,1587.19525,26087912
cap65-01,40,1,0.137,1788840251.5601404,100.0,2804.5515833333334,2558.0305,26087924
cap65-01,40,2,0.036,1788840251.5966578,98.0,2778.58375,2628.584375,26087930
cap65-01,40,3,0.038,1788840251.6351304,100.0,2491.3365,730.8215,26087934
cap65-01,41,1,0.098,1788840251.7342482,100.0,2813.677166666667,506.679375,26087947
cap65-01,41,2,0.047,1788840251.7815535,98.0,1841.2005,1040.178125,26087950
cap65-01,41,3,0.052,1788840251.8347483,100.0,3445.859,2899.7508749999997,26087957
cap65-01,42,1,0.231,1788840252.0665064,97.0,3746.5718333333334,3175.14825,26087978
cap65-01,42,2,0.043,1788840252.1098778,100.0,3326.6878333333334,2765.1911250000003,26087980
cap65-01,42,3,0.046,1788840252.1560233,100.0,2012.7676666666666,2153.593,26087986
