series,observed_epoch_s,package_C,mean_reported_MHz_P,mean_reported_MHz_E,cpu0_package_throttle_count
baseline,1788838927.2223043,64.0,1554.1329166666667,1430.190125,25990421
baseline,1788838932.2529104,98.0,2997.1570833333335,2391.22425,25990629
baseline,1788838937.292336,100.0,2622.5120833333335,2850.162125,25991002
baseline,1788838942.3385637,97.0,4099.999916666667,3299.988125,25991203
baseline,1788838947.3887749,100.0,2118.3596666666667,778.543,25991706
baseline,1788838952.421201,97.0,3000.02225,2599.973875,25992215
baseline,1788838957.4717057,93.0,1329.8771666666667,954.5498749999999,25992608
baseline,1788838962.5067701,97.0,1339.0296666666666,1347.18625,25993077
baseline,1788838967.5758991,97.0,2127.6175,2509.586375,25993633
baseline,1788838972.6119995,100.0,3372.5538333333334,2787.1575,25994202
baseline,1788838977.6471858,100.0,3499.996833333333,2799.990375,25994723
baseline,1788838982.7325072,100.0,1175.1581666666666,787.66175,25995282
baseline,1788838987.7761903,100.0,3399.9968333333336,2800.010375,25995806
baseline,1788838992.8469415,100.0,3262.9295,2700.005375,25996385
baseline,1788838997.9334114,100.0,2899.99975,2499.993875,25997066
baseline,1788839003.0411947,100.0,2900.0021666666667,2499.9828749999997,25997468
baseline,1788839008.098669,100.0,1852.081,1090.989875,25997787
baseline,1788839013.1327155,88.0,1338.3319166666668,812.7629999999999,25998264
baseline,1788839018.1641881,100.0,2695.1986666666667,2400.00925,25998640
baseline,1788839023.2167623,98.0,2286.683666666667,2288.274875,25999130
baseline,1788839028.2552278,90.0,1972.1341666666667,2238.27625,25999619
baseline,1788839033.29119,100.0,2862.5900833333335,2700.160875,26000302
baseline,1788839038.3305206,100.0,1688.7641666666666,1378.181,26000931
baseline,1788839043.3630056,100.0,2728.9909166666666,2685.018375,26001497
baseline,1788839048.4061902,100.0,2695.2685833333335,2400.029375,26002012
baseline,1788839053.51327,100.0,3399.994,2799.9880000000003,26002436
baseline,1788839058.6323967,94.0,3128.5371666666665,2800.01725,26002826
baseline,1788839063.6670365,93.0,3049.605666666667,2700.068375,26002939
baseline,1788839068.706269,94.0,2916.6615,2500.036875,26003140
baseline,1788839073.8190334,93.0,2903.7363333333333,2499.9995,26003141
baseline,1788839078.8805425,96.0,2985.9035,2500.00875,26003145
baseline,1788839083.9381955,96.0,2850.0095833333335,2400.021875,26003145
baseline,1788839089.0365546,100.0,2311.70225,2324.973,26003291
baseline,1788839094.1035197,100.0,2792.822583333333,2400.000875,26003925
baseline,1788839099.1581488,98.0,2592.6784166666666,2299.86275,26004525
baseline,1788839104.2557657,90.0,2647.35175,2042.778625,26005056
baseline,1788839109.2937222,100.0,2561.5204166666667,1165.406375,26005387
baseline,1788839114.3290465,100.0,2886.6255,2598.88625,26005933
baseline,1788839119.3701358,72.0,731.4645,856.1695,26006159
baseline,1788839124.4168909,98.0,1017.9076666666667,564.55625,26006645
baseline,1788839129.465797,82.0,1643.48525,1642.100125,26006935
baseline,1788839134.49876,100.0,3392.0603333333333,2799.933625,26007268
baseline,1788839139.570284,100.0,3099.9975,2599.9811250000002,26007760
baseline,1788839144.6160045,94.0,1654.9640833333333,2315.45,26008355
baseline,1788839149.6501236,87.0,1676.95925,1497.460875,26008791
baseline,1788839154.7201087,100.0,2411.60675,1090.102125,26009421
baseline,1788839159.7848492,100.0,3261.76475,2700.022375,26010183
baseline,1788839164.8532,100.0,4000.0031666666664,3199.98625,26010804
baseline,1788839169.9161885,100.0,3199.997083333333,2699.9991250000003,26011481
baseline,1788839174.9692023,100.0,3100.005,2600.008625,26012157
baseline,1788839180.0412052,100.0,3200.0159166666667,2700.01925,26012685
baseline,1788839185.1392012,100.0,3200.0024166666667,2699.9915,26013409
baseline,1788839190.240202,97.0,2766.6595,2399.999375,26013855
baseline,1788839195.35039,100.0,1867.3190833333333,2103.525,26014235
baseline,1788839200.3861957,89.0,947.7185833333333,1726.5086250000002,26014713
baseline,1788839205.416802,100.0,3291.681666666667,2699.997375,26015112
baseline,1788839210.4899404,98.0,2889.6185,2500.0195,26015612
baseline,1788839215.5423534,81.0,1379.1386666666667,1201.734125,26016078
baseline,1788839220.6149945,73.0,399.99991666666665,1200.019375,26016078
baseline,1788839225.8643064,92.0,2555.530333333333,2400.0985,26016215
baseline,1788839230.9090707,90.0,2492.9885833333333,2600.20675,26016246
baseline,1788839235.9631941,100.0,2782.44375,2400.0122499999998,26016518
baseline,1788839241.0296183,100.0,3235.6544166666667,2723.59625,26016830
baseline,1788839246.0826817,100.0,3680.41025,2899.525,26017211
baseline,1788839251.123072,98.0,3037.08325,2699.9966249999998,26017473
baseline,1788839256.169705,98.0,3153.45775,2599.992375,26017590
baseline,1788839261.2230759,92.0,3156.741666666667,2799.980125,26017677
baseline,1788839266.2692523,93.0,2966.659,2500.017125,26017886
baseline,1788839271.3282526,92.0,2966.6588333333334,2500.007,26017889
baseline,1788839276.462218,93.0,2949.99725,2500.028875,26017893
baseline,1788839281.5715137,92.0,2866.6714166666666,2400.012875,26017898
baseline,1788839286.6450276,93.0,2849.9986666666664,2399.9955,26017903
baseline,1788839291.7871957,96.0,2543.1135,2299.933375,26018303
baseline,1788839296.886485,100.0,1508.8345833333333,753.8675000000001,26018723
baseline,1788839301.9291987,95.0,2566.6735,2399.9865,26019139
baseline,1788839306.9903562,100.0,2771.751166666667,2600.0355,26019303
baseline,1788839312.0397584,100.0,2918.882416666667,2345.782875,26019744
baseline,1788839317.0796597,89.0,2529.3235,1948.249,26020215
baseline,1788839322.1126468,93.0,2074.57425,1479.7225,26020251
baseline,1788839327.1437314,96.0,3744.07375,3300.362,26020586
baseline,1788839332.1751888,100.0,2973.790916666667,2547.139375,26020862
baseline,1788839337.2182076,100.0,3249.400416666667,2713.353125,26021354
baseline,1788839342.261809,100.0,2900.008333333333,2500.002,26021829
baseline,1788839347.313824,100.0,3070.1894166666666,2602.1365,26022306
baseline,1788839352.3603168,98.0,2896.442666666667,2499.8876250000003,26022875
baseline,1788839357.4111357,100.0,3299.98575,2700.006125,26023421
baseline,1788839362.4947417,100.0,2691.9260833333333,2392.0033750000002,26024052
baseline,1788839367.5859823,100.0,2445.5869166666666,2699.9695,26024656
baseline,1788839372.6601913,100.0,2900.0023333333334,2499.979875,26025145
baseline,1788839377.7401996,100.0,3099.98925,2600.023,26025734
baseline,1788839382.8581996,98.0,3364.8345833333333,2763.699125,26026225
baseline,1788839387.926071,100.0,1601.4714999999999,975.44075,26026611
baseline,1788839392.9594152,100.0,3699.9995833333332,3000.008,26026835
baseline,1788839398.0416574,84.0,1966.6781666666666,1899.991625,26026843
baseline,1788839403.1018455,76.0,1271.9733333333334,542.402875,26026843
baseline,1788839408.1476784,76.0,1081.8078333333333,1278.10075,26026843
baseline,1788839413.1972053,73.0,1665.59775,1700.0045,26026843
baseline,1788839418.2679458,68.0,1257.1844166666667,1500.0065,26026843
baseline,1788839423.3794713,67.0,1364.65025,1594.7895,26026843
baseline,1788839428.4471395,88.0,3036.05975,2599.97525,26026843
baseline,1788839433.517108,97.0,2377.5828333333334,2955.016125,26026906
baseline,1788839438.5569034,93.0,2661.0313333333334,2299.931375,26027189
baseline,1788839443.6036727,98.0,2257.0935,1999.76625,26027423
baseline,1788839448.640844,96.0,3256.6415833333335,2750.707375,26027806
baseline,1788839453.6762335,100.0,2978.2936666666665,2875.53075,26028350
baseline,1788839458.732616,92.0,2966.6715,2500.006875,26028734
baseline,1788839463.8313987,92.0,2965.9060833333333,2500.108625,26028821
baseline,1788839468.8758469,89.0,2983.3382500000002,2500.029875,26028888
baseline,1788839473.924202,93.0,2850.0020833333333,2400.011125,26028987
baseline,1788839479.0192504,89.0,2648.0938333333334,2400.927625,26028987
baseline,1788839484.1146204,90.0,2966.6564166666667,2499.98525,26028987
baseline,1788839489.2306483,90.0,2966.684,2500.018,26028987
baseline,1788839494.3316104,100.0,3397.0069166666667,2800.18375,26029043
baseline,1788839499.3891997,93.0,2766.6665,2400.002,26029293
baseline,1788839504.5030608,100.0,3589.74825,3000.01725,26029619
baseline,1788839509.560203,90.0,2663.469,2300.0115,26029850
baseline,1788839514.7027965,97.0,3177.3485,2699.646125,26030110
cool-01,1788839575.9176588,49.0,984.2661666666667,892.556875,26031325
cool-01,1788839576.4224901,96.0,1717.9990833333334,2240.6995,26031325
cool-01,1788839576.9257367,54.0,528.1445833333333,872.2775,26031332
cool-01,1788839577.4333656,100.0,3791.6676666666667,3282.793125,26031334
cool-01,1788839577.9368036,80.0,3174.8670833333335,2304.997,26031360
cool-01,1788839578.4396043,75.0,2558.4385,2942.898875,26031360
cool-01,1788839578.9410934,77.0,2878.7311666666665,2575.274125,26031361
cool-01,1788839579.4426472,97.0,3409.6269166666666,2999.279625,26031361
cool-01,1788839579.9442415,79.0,3150.0110833333333,2931.123375,26031365
cool-01,1788839580.4456825,77.0,2314.6176666666665,2305.951375,26031367
cool-01,1788839580.9471757,75.0,2277.8888333333334,3305.93075,26031367
cool-01,1788839581.4486256,79.0,3459.44125,3300.068125,26031367
cool-01,1788839581.950203,82.0,2406.011,3073.386375,26031367
cool-01,1788839582.4516969,65.0,1457.0518333333334,1259.8331249999999,26031367
cool-01,1788839582.9545376,55.0,787.6735833333333,777.30375,26031367
cool-01,1788839583.459802,100.0,1257.93075,853.466375,26031384
cool-01,1788839583.9614334,64.0,1093.1393333333333,1531.063375,26031406
cool-01,1788839584.4642234,90.0,4100.010166666667,3299.498625,26031438
cool-01,1788839584.9665456,100.0,4099.975916666666,3299.9339999999997,26031464
cool-01,1788839585.468099,66.0,1481.8190833333333,567.98175,26031470
cool-01,1788839585.9712071,100.0,3799.9978333333333,3099.980875,26031499
cool-01,1788839586.4747229,100.0,3679.9583333333335,3299.99625,26031531
cool-01,1788839586.9772985,80.0,543.4030833333334,1533.79425,26031565
cool-01,1788839587.4788055,100.0,3700.5279166666664,2999.984625,26031608
cool-01,1788839587.982434,99.0,1069.2685000000001,1004.126125,26031663
cool-01,1788839588.48756,100.0,3800.016,3100.0013750000003,26031690
cool-01,1788839588.9942064,98.0,3565.0874166666667,2900.006125,26031748
cool-01,1788839589.4968166,93.0,2101.80375,753.128875,26031791
cool-01,1788839589.9984038,94.0,3903.99,3254.195875,26031853
cool-01,1788839590.5006332,100.0,983.4714166666666,520.434,26031884
cool-01,1788839591.0026667,92.0,3982.7573333333335,3275.6115,26031936
cool-01,1788839591.5066922,100.0,3939.423583333333,3199.64775,26031986
cool-01,1788839592.0083604,99.0,3699.98675,3000.001,26032018
cool-01,1788839592.5132053,98.0,3599.9905833333332,2899.986875,26032082
cool-01,1788839593.0169134,97.0,3709.862,3099.9608749999998,26032120
cool-01,1788839593.5202153,98.0,3399.9885833333333,2800.054125,26032168
cool-01,1788839594.024286,98.0,3299.9906666666666,2699.998875,26032212
cool-01,1788839594.530216,98.0,3400.0084166666666,2800.022375,26032254
cool-01,1788839595.0342145,98.0,3407.468083333333,2809.710125,26032311
cool-01,1788839595.5368774,100.0,3399.9949166666665,2799.96325,26032353
cool-01,1788839596.0410762,100.0,3350.48825,1867.249375,26032398
cool-01,1788839596.5451484,100.0,3300.0089166666667,2699.949125,26032439
cool-01,1788839597.049346,96.0,3854.2460833333334,3132.710375,26032479
cool-01,1788839597.5526087,99.0,4000.8573333333334,3200.15825,26032519
cool-01,1788839598.0564728,73.0,625.3360833333334,657.976375,26032559
cool-01,1788839598.5642014,100.0,3693.244166666667,3000.02475,26032583
cool-01,1788839599.066664,100.0,2892.2761666666665,1428.083375,26032629
cool-01,1788839599.5682888,93.0,3691.4995833333332,3123.883625,26032658
cool-01,1788839600.071479,100.0,3685.3663333333334,2982.0301249999998,26032678
cool-01,1788839600.5750444,100.0,3699.996583333333,3000.0053749999997,26032755
cool-01,1788839601.0774965,94.0,1584.4157500000001,2169.693375,26032822
cool-01,1788839601.5792105,96.0,3768.8165,3278.661375,26032849
cool-01,1788839602.0822444,100.0,3095.088083333333,2600.0389999999998,26032889
cool-01,1788839602.5853834,94.0,3039.77525,2984.495875,26032947
cool-01,1788839603.0870888,94.0,3412.7563333333333,2900.0213750000003,26033016
cool-01,1788839603.5922153,100.0,3186.4955,2699.998625,26033066
cool-01,1788839604.1025238,100.0,1169.57575,776.1675,26033112
cool-01,1788839604.60484,100.0,3100.0154166666666,2600.007,26033171
cool-01,1788839605.1096702,97.0,3700.0061666666666,2999.979875,26033223
cool-01,1788839605.6127846,100.0,3497.45175,2827.1155,26033279
cool-01,1788839606.116375,100.0,3660.64075,2999.986375,26033335
cool-01,1788839606.6209106,98.0,1237.5875,2259.79925,26033406
cool-01,1788839607.1241817,100.0,2933.0728333333336,2800.014375,26033443
cool-01,1788839607.6282475,100.0,3764.09925,3100.006,26033488
cool-01,1788839608.135037,100.0,3583.335916666667,2899.991875,26033554
cool-01,1788839608.6442268,98.0,3600.0023333333334,2899.99925,26033619
cool-01,1788839609.14764,100.0,2485.8238333333334,1036.02125,26033658
cool-01,1788839609.6502314,100.0,3599.9969166666665,2900.0405,26033710
cool-01,1788839610.159845,100.0,3206.1694166666666,2699.82425,26033742
cool-01,1788839610.6625915,100.0,3599.9904166666665,2900.0175,26033814
cool-01,1788839611.166669,100.0,3599.98825,2899.9967500000002,26033877
cool-01,1788839611.6696217,100.0,2552.663916666667,1439.2335,26033940
cool-01,1788839612.1721935,89.0,3521.965166666667,3260.305,26033992
cool-01,1788839612.6782436,100.0,3099.9998333333333,2600.016625,26034047
cool-01,1788839613.1842,98.0,3700.0028333333335,3000.0126250000003,26034097
cool-01,1788839613.687019,100.0,3364.793833333333,2782.16775,26034150
cool-01,1788839614.1898046,100.0,3701.4389166666665,3001.7110000000002,26034199
cool-01,1788839614.6922665,100.0,2950.7921666666666,3158.813,26034247
cool-01,1788839615.1939316,97.0,2040.65375,507.130375,26034297
cool-01,1788839615.6965766,100.0,1022.14075,421.482625,26034372
cool-01,1788839616.1981406,98.0,2983.3390833333333,2999.975,26034438
cool-01,1788839616.7061982,100.0,3597.0473333333334,2900.018875,26034498
cool-01,1788839617.2088356,98.0,3274.98875,2700.005,26034564
cool-01,1788839617.719218,100.0,3199.9998333333333,2699.98525,26034633
cool-01,1788839618.2265944,98.0,3183.3330833333334,2699.97925,26034687
cool-01,1788839618.7362998,100.0,2935.73025,2534.88025,26034734
cool-01,1788839619.2424526,100.0,4099.99975,3300.018875,26034778
cool-01,1788839619.746791,100.0,3399.9911666666667,2799.97575,26034829
cool-01,1788839620.2502031,100.0,3399.994,2800.027125,26034876
cool-01,1788839620.7531183,98.0,3100.00375,2599.997875,26034935
cool-01,1788839621.258262,100.0,3500.0174166666666,2800.00875,26035003
cool-01,1788839621.7642362,98.0,3191.806916666667,2700.001625,26035063
cool-01,1788839622.2704332,97.0,1193.3386666666668,400.0,26035113
cool-01,1788839622.7719796,100.0,1720.1359166666666,762.714875,26035173
cool-01,1788839623.2752187,100.0,3112.754,2616.884125,26035234
cool-01,1788839623.7814271,98.0,3095.715583333333,2599.984625,26035300
cool-01,1788839624.2846694,100.0,1206.8555833333332,781.749,26035369
cool-01,1788839624.7863183,100.0,1249.9849166666665,523.88675,26035429
cool-01,1788839625.2878935,100.0,3634.2930833333335,2940.02925,26035487
cool-01,1788839625.792226,100.0,3100.01025,2599.9788750000002,26035555
cool-01,1788839626.2988605,100.0,3299.997,2742.130625,26035595
cool-01,1788839626.8018053,99.0,3499.96225,2903.079875,26035642
cool-01,1788839627.3036304,100.0,2938.3355,2537.9898749999998,26035669
cool-01,1788839627.8132083,100.0,2899.9973333333332,2500.009375,26035731
cool-01,1788839628.3224616,100.0,2210.4669166666667,1232.625625,26035773
cool-01,1788839628.825228,100.0,3401.11825,2799.97825,26035825
cool-01,1788839629.328206,100.0,3087.145666666667,3199.50475,26035872
cool-01,1788839629.8305688,100.0,3400.0113333333334,2800.01,26035925
cool-01,1788839630.3362901,100.0,3200.01325,2699.98425,26035985
cool-01,1788839630.8429377,100.0,3399.9999166666666,2799.99975,26036048
cool-01,1788839631.3502107,100.0,3099.99975,2599.988625,26036105
cool-01,1788839631.857216,98.0,3200.0050833333335,2699.997375,26036168
cool-01,1788839632.3601933,100.0,3399.9738333333335,2799.99425,26036227
cool-01,1788839632.8697898,98.0,2999.99475,2600.015125,26036284
cool-01,1788839633.3730595,100.0,1339.07175,858.5,26036340
cool-01,1788839633.8747308,100.0,2267.389166666667,581.6505,26036371
cool-01,1788839634.3772225,100.0,2999.9845,2600.008125,26036453
cool-01,1788839634.8832273,98.0,3065.141833333333,2599.983625,26036507
cool-01,1788839635.3882356,100.0,3399.994,2799.972875,26036581
cool-01,1788839635.895214,99.0,3099.9893333333334,2599.98125,26036665
cool-01,1788839636.3992376,97.0,3099.99975,2600.010875,26036724
cool-01,1788839636.9059374,100.0,3400.0026666666668,2799.982,26036776
cool-01,1788839637.4088328,96.0,2925.501333333333,2799.944125,26036845
cool-01,1788839637.9121442,100.0,1397.9808333333333,889.87175,26036915
cool-01,1788839638.4172163,100.0,3099.9946666666665,2599.972875,26036992
cool-01,1788839638.9242215,98.0,3000.015,2600.02325,26037052
cool-01,1788839639.429248,100.0,3399.997,2800.00025,26037103
cool-01,1788839639.9348385,93.0,2566.6686666666665,2299.993,26037132
cool-01,1788839640.443634,96.0,2783.3330833333334,2399.96425,26037132
cool-01,1788839640.9472365,92.0,2866.671333333333,2400.028875,26037132
cool-01,1788839641.4532835,96.0,3634.2051666666666,2761.826375,26037145
cool-01,1788839641.956005,97.0,2866.618916666667,2499.96825,26037178
cool-01,1788839642.4610627,92.0,2658.436166666667,2450.155625,26037179
cool-01,1788839642.963235,97.0,1705.6089166666666,2277.9182499999997,26037189
cool-01,1788839643.4648738,100.0,1257.00425,2967.62175,26037216
cool-01,1788839643.9692812,100.0,3397.68575,2800.01175,26037242
cool-01,1788839644.4732091,100.0,3499.984916666667,2850.000125,26037292
cool-01,1788839644.9759789,100.0,2234.6299166666668,1852.998625,26037313
cool-01,1788839645.4779255,97.0,1854.06925,1924.380625,26037343
cool-01,1788839645.9795856,98.0,2741.95275,2718.777875,26037388
cool-01,1788839646.481918,96.0,2398.76175,2154.44325,26037428
cool-01,1788839646.983487,100.0,2732.4915,2503.901125,26037491
cool-01,1788839647.4852223,100.0,2021.9354166666667,2150.851375,26037541
cool-01,1788839647.9871984,100.0,2526.8679166666666,1898.421,26037583
cool-01,1788839648.489819,97.0,2072.0881666666664,1533.9602499999999,26037638
cool-01,1788839648.9914806,99.0,2883.02225,2632.4918749999997,26037679
cool-01,1788839649.4932437,100.0,2327.3049166666665,2727.624125,26037722
cool-01,1788839649.994693,83.0,1556.7984166666668,1620.2425,26037750
cool-01,1788839650.497974,94.0,1430.2155,1791.0297500000001,26037755
cool-01,1788839650.9993572,97.0,3586.023583333333,2699.984,26037777
cool-01,1788839651.5011735,95.0,2231.56675,2761.015625,26037810
cool-01,1788839652.0028155,98.0,2460.7733333333335,1326.334,26037854
cool-01,1788839652.504436,100.0,3336.3993333333333,2754.901625,26037913
cool-01,1788839653.006485,97.0,2250.6570833333335,2206.223125,26037958
cool-01,1788839653.5083997,97.0,2538.037,1936.830375,26038002
cool-01,1788839654.0110905,97.0,3780.05575,3189.24625,26038058
cool-01,1788839654.512754,100.0,3099.5098333333335,2599.9775,26038096
cool-01,1788839655.017499,100.0,3289.1275,2700.034375,26038148
cool-01,1788839655.5212057,100.0,2690.6898333333334,2399.9991250000003,26038208
cool-01,1788839656.0244994,100.0,2680.2669166666665,3021.71925,26038242
cool-01,1788839656.5261557,93.0,1321.2065833333334,846.3045,26038292
cool-01,1788839657.0282025,98.0,3499.99975,2899.964875,26038343
cool-01,1788839657.534202,100.0,3500.014583333333,2800.013625,26038401
cool-01,1788839658.0412028,100.0,3083.32775,2599.998375,26038468
cool-01,1788839658.5452027,98.0,3399.9855000000002,2799.9809999999998,26038544
cool-01,1788839659.0504744,100.0,3540.233333333333,2827.8446249999997,26038617
cool-01,1788839659.5572128,93.0,3128.148,2600.013,26038645
cool-01,1788839660.0612016,93.0,3166.6824166666665,2599.995125,26038645
cool-01,1788839660.5672026,94.0,3166.6611666666668,2599.9966249999998,26038645
cool-01,1788839661.0701423,93.0,2858.32825,2399.976375,26038645
cool-01,1788839661.5749693,96.0,2983.3328333333334,2500.0025,26038645
cool-01,1788839662.0778806,96.0,3063.12725,2598.142625,26038647
cool-01,1788839662.5796018,98.0,2450.85775,2605.128875,26038664
cool-01,1788839663.0813432,98.0,3292.9750833333333,2551.182375,26038700
cool-01,1788839663.584376,96.0,3349.9594166666666,2800.256125,26038728
cool-01,1788839664.0879347,94.0,2400.711083333333,2699.751,26038761
cool-01,1788839664.5919166,94.0,3347.175166666667,2800.015,26038769
cool-01,1788839665.095896,96.0,2402.754,2139.51675,26038781
cool-01,1788839665.5978894,100.0,2994.0368333333336,2776.3157499999998,26038826
cool-01,1788839666.100168,97.0,3023.2825,2537.46075,26038877
cool-01,1788839666.6017654,90.0,2622.8613333333333,3167.26825,26038936
cool-01,1788839667.1033142,93.0,3126.0665,2560.053875,26038990
cool-01,1788839667.604908,99.0,1734.7711666666667,2010.055625,26039048
cool-01,1788839668.10659,97.0,3012.4791666666665,2899.928125,26039112
cool-01,1788839668.6086366,99.0,2889.590833333333,2500.03675,26039190
cool-01,1788839669.1167793,96.0,2546.517,2299.9988749999998,26039235
cool-01,1788839669.6236093,100.0,1060.7141666666666,1485.1601249999999,26039252
cool-01,1788839670.127226,97.0,3398.2046666666665,2799.97175,26039312
cool-01,1788839670.6301932,98.0,2699.9895,2399.998375,26039352
cool-01,1788839671.138951,100.0,1284.1071666666667,1336.212125,26039385
cool-01,1788839671.6406434,100.0,2790.2568333333334,2400.001875,26039439
cool-01,1788839672.143958,96.0,2959.4019166666667,2499.543125,26039475
cool-01,1788839672.6482527,96.0,2841.64175,2599.986,26039480
cool-01,1788839673.152767,97.0,2580.2675,2670.596375,26039484
cool-01,1788839673.6570358,97.0,2977.55975,2404.268375,26039508
cool-01,1788839674.160915,100.0,3460.8648333333335,2635.811125,26039544
cool-01,1788839674.6653087,98.0,2659.2386666666666,2068.882,26039561
cool-01,1788839675.1682713,100.0,2970.3616666666667,2897.98225,26039603
cool-01,1788839675.670184,100.0,2764.7798333333335,2552.317875,26039664
cool-01,1788839676.1740487,98.0,3242.6608333333334,2865.6796249999998,26039725
cool-01,1788839676.6778574,98.0,3122.9326666666666,2061.76725,26039768
cool-01,1788839677.1798158,100.0,2874.414,2899.944875,26039824
cool-01,1788839677.6815991,100.0,1224.9975833333333,763.981125,26039885
cool-01,1788839678.1853874,98.0,3101.6281666666664,2699.95175,26039947
cool-01,1788839678.6879683,100.0,2789.7191666666668,2399.990375,26039999
cool-01,1788839679.1916146,98.0,2772.5375,2399.9790000000003,26040061
cool-01,1788839679.6937473,100.0,1786.05725,2022.343875,26040111
cool-01,1788839680.1953387,97.0,1809.5384166666668,1197.149875,26040175
cool-01,1788839680.6970787,100.0,2997.8034166666666,2599.91325,26040238
cool-01,1788839681.1990163,98.0,2940.0149166666665,2699.430875,26040297
cool-01,1788839681.7017434,100.0,3289.432,2700.14125,26040350
cool-01,1788839682.2045615,100.0,2809.445583333333,2442.4225,26040402
cool-01,1788839682.7064915,98.0,2803.2015,2684.7515,26040446
cool-01,1788839683.2103684,100.0,2439.7634166666667,2203.51975,26040494
cool-01,1788839683.7139752,99.0,3160.73075,2802.4055,26040542
cool-01,1788839684.2159312,99.0,3273.0286666666666,2426.134875,26040598
cool-01,1788839684.719764,99.0,2910.7136666666665,2589.804875,26040639
cool-01,1788839685.2217557,100.0,3150.602083333333,2867.691,26040686
cool-01,1788839685.7234802,100.0,2243.0055,2395.742125,26040744
cool-01,1788839686.2254434,93.0,2923.8084166666667,2670.442125,26040793
cool-01,1788839686.7310274,97.0,3514.7993333333334,3300.0123750000002,26040842
cool-01,1788839687.2351267,97.0,3285.6372499999998,2700.033,26040901
cool-01,1788839687.7422183,100.0,2799.9973333333332,2400.044,26040960
cool-01,1788839688.250228,96.0,2559.6181666666666,2295.858375,26041001
cool-01,1788839688.754476,100.0,945.5451666666667,2083.135,26041034
cool-01,1788839689.2561858,100.0,2218.6311666666666,1221.8555,26041075
cool-01,1788839689.758329,100.0,3356.3166666666666,2865.3246249999997,26041091
cool-01,1788839690.2600598,96.0,3682.23,3154.8360000000002,26041107
cool-01,1788839690.7615826,96.0,3699.9452499999998,2674.782625,26041125
cool-01,1788839691.2641475,100.0,3289.8428333333336,2727.818125,26041148
cool-01,1788839691.7671976,100.0,3299.9999166666666,2700.038,26041204
cool-01,1788839692.2732506,94.0,2949.9998333333333,2499.9955,26041238
cool-01,1788839692.7802453,93.0,2966.6589166666668,2500.02675,26041239
cool-01,1788839693.288845,94.0,2966.672416666667,2500.011,26041239
cool-01,1788839693.7921486,98.0,3044.63475,2700.042875,26041254
cool-01,1788839694.2963035,92.0,2962.6560833333333,2499.8625,26041270
cool-01,1788839694.8006558,90.0,2806.306,2601.4385,26041270
cool-01,1788839695.3025942,97.0,2934.6031666666668,2700.216,26041288
cool-01,1788839695.8045619,100.0,3483.2655,2800.359375,26041299
cool-01,1788839696.3072546,97.0,3366.6665000000003,2799.9898749999998,26041313
cool-01,1788839696.815752,97.0,3277.6151666666665,2800.1635,26041317
cool-01,1788839697.3175514,93.0,3112.8840833333334,2699.882375,26041320
cool-01,1788839697.8194387,93.0,3066.5624166666666,2600.00175,26041323
cool-01,1788839698.32154,92.0,3038.014416666667,2600.272875,26041323
cool-01,1788839698.8236887,93.0,2924.829,2300.045125,26041323
cool-01,1788839699.3257952,94.0,3183.322166666667,2699.989125,26041323
cool-01,1788839699.829905,97.0,3471.8125833333334,2800.18725,26041325
cool-01,1788839700.3317745,96.0,2849.804,2174.49225,26041335
cool-01,1788839700.833907,100.0,3042.7041666666664,2599.841875,26041348
cool-01,1788839701.3358436,94.0,3342.1680833333335,2605.5915,26041368
cool-01,1788839701.8388414,93.0,3369.11025,2801.5344999999998,26041380
cool-01,1788839702.3432426,92.0,3554.967166666667,2659.083125,26041392
cool-01,1788839702.8503828,94.0,3640.6678333333334,2999.9905,26041402
cool-01,1788839703.3603787,93.0,3483.4106666666667,3207.550625,26041424
cool-01,1788839703.8623652,88.0,3358.2768333333333,2739.697,26041427
cool-01,1788839704.3642151,77.0,1010.7651666666667,1293.274,26041437
cool-01,1788839704.8680263,100.0,3400.0021666666667,2800.02175,26041485
cool-01,1788839705.3781874,94.0,2688.032,2308.9386250000002,26041518
cool-01,1788839705.8802323,90.0,2354.1805,2038.43325,26041553
cool-01,1788839706.3862617,98.0,3199.9943333333335,2700.009125,26041628
cool-01,1788839706.8929727,100.0,3299.9941666666664,2699.99025,26041695
cool-01,1788839707.4014916,100.0,3199.997083333333,2700.015125,26041758
cool-01,1788839707.9062421,100.0,3300.043166666667,2699.974625,26041824
cool-01,1788839708.414325,100.0,2896.833166666667,2500.00125,26041887
cool-01,1788839708.9257646,98.0,3400.013916666667,2800.001125,26041953
cool-01,1788839709.433893,100.0,3099.9999166666666,2599.9955,26042012
cool-01,1788839709.9423144,100.0,3300.005416666667,2700.00225,26042066
cool-01,1788839710.4496107,98.0,3100.0077499999998,2599.9855000000002,26042143
cool-01,1788839710.956286,100.0,3299.9999166666666,2700.02225,26042198
cool-01,1788839711.4638863,100.0,3099.9885,2599.9955,26042258
cool-01,1788839711.9682372,100.0,3212.989416666667,2699.980875,26042335
cool-01,1788839712.474985,99.0,3200.0025,2700.004,26042391
cool-01,1788839712.9812438,100.0,3206.5793333333336,2699.9921249999998,26042468
cool-01,1788839713.4922426,100.0,3012.6045833333333,2499.9705,26042529
cool-01,1788839713.9987195,100.0,3199.99975,2700.003375,26042589
cool-01,1788839714.5075076,98.0,3191.3774166666667,2700.017875,26042670
cool-01,1788839715.0112226,100.0,3199.98875,2700.01175,26042719
cool-01,1788839715.5202625,100.0,3100.04825,2599.966,26042795
cool-01,1788839716.030244,98.0,3300.0109166666666,2700.006875,26042872
cool-01,1788839716.538236,98.0,3000.0024166666667,2593.459625,26042921
cool-01,1788839717.046245,100.0,3200.00525,2700.0065,26042988
cool-01,1788839717.5552406,100.0,3099.9971666666665,2599.992625,26043061
cool-01,1788839718.0612679,100.0,3099.994333333333,2599.981875,26043136
cool-01,1788839718.5712423,100.0,2970.434583333333,2532.7685,26043211
cool-01,1788839719.0802844,100.0,3099.9946666666665,2599.9755,26043280
cool-01,1788839719.5892398,98.0,3090.3751666666667,2599.988375,26043350
cool-01,1788839720.095419,100.0,3199.9914166666667,2699.98925,26043413
cool-01,1788839720.6032212,100.0,2999.987,2500.00375,26043480
cool-01,1788839721.1094155,98.0,3200.3560833333336,2700.00475,26043564
cool-01,1788839721.6162448,100.0,2999.9973333333332,2537.240625,26043630
cool-01,1788839722.1212344,100.0,3199.9945,2700.00925,26043692
cool-01,1788839722.62945,98.0,3035.0220833333333,2582.464,26043762
cool-01,1788839723.1362412,100.0,3195.8313333333335,2700.00575,26043821
cool-01,1788839723.6452367,98.0,2900.0071666666668,2499.99025,26043887
cool-01,1788839724.153237,100.0,3196.702,2700.0057500000003,26043940
cool-01,1788839724.6612713,98.0,2999.992166666667,2499.9895,26044015
cool-01,1788839725.1674855,100.0,3100.00225,2599.9856250000003,26044070
cool-01,1788839725.6743298,100.0,3000.007416666667,2561.394125,26044130
cool-01,1788839726.1842546,98.0,3135.1686666666665,2638.828625,26044187
cool-01,1788839726.691162,100.0,2999.9870833333334,2500.00825,26044248
cool-01,1788839727.1992586,100.0,3199.9943333333335,2700.0081250000003,26044316
cool-01,1788839727.707044,100.0,2174.19275,2169.369875,26044370
cool-01,1788839728.2086535,98.0,3190.9331666666667,2699.92175,26044421
cool-01,1788839728.7121663,100.0,2773.997,2400.012,26044468
cool-01,1788839729.2157614,98.0,2688.0803333333333,2400.006,26044518
cool-01,1788839729.718923,100.0,2800.002,2400.0155,26044583
cool-01,1788839730.2218404,100.0,1055.5175,975.649375,26044647
cool-01,1788839730.7262251,100.0,2900.1983333333333,2499.99475,26044691
cool-01,1788839731.2297533,100.0,2978.691333333333,2600.02525,26044746
cool-01,1788839731.7337806,98.0,2581.9615,2304.5057500000003,26044795
cool-01,1788839732.237515,98.0,2699.9931666666666,2399.998625,26044844
cool-01,1788839732.7407403,100.0,936.5641666666667,821.09525,26044888
cool-01,1788839733.2442203,100.0,2999.9922500000002,2600.02275,26044946
cool-01,1788839733.7485337,100.0,1047.4303333333332,974.11675,26044992
cool-01,1788839734.252874,100.0,2685.262416666667,2399.98675,26045055
cool-01,1788839734.763222,100.0,2754.914083333333,2400.0280000000002,26045120
cool-01,1788839735.2722206,100.0,3299.974583333333,2700.018375,26045207
cool-01,1788839735.7827165,100.0,2699.9906666666666,2399.99925,26045283
cool-01,1788839736.288215,100.0,2658.491,2359.698,26045362
cool-01,1788839736.7954578,98.0,2586.1919166666667,2400.022625,26045425
cool-01,1788839737.3012943,100.0,2497.61025,1170.399375,26045485
cool-01,1788839737.8062198,100.0,2999.9998333333333,2563.27925,26045548
cool-01,1788839738.313906,100.0,1445.6038333333333,2514.8675,26045613
cool-01,1788839738.8172626,100.0,2592.262333333333,2299.991,26045667
cool-01,1788839739.320734,98.0,2445.55,1862.488,26045729
cool-01,1788839739.824234,100.0,3099.99975,2599.9901250000003,26045780
cool-01,1788839740.3326397,100.0,1526.2945,1286.29375,26045833
cool-01,1788839740.8345232,100.0,2657.646,2360.876625,26045885
cool-01,1788839741.3380048,100.0,2799.9975833333333,2400.026375,26045959
cool-01,1788839741.8419895,100.0,1130.8295833333334,968.819375,26046040
cool-01,1788839742.3438306,100.0,2893.82625,2499.982125,26046118
cool-01,1788839742.849208,100.0,2816.6641666666665,2400.0035,26046166
cool-01,1788839743.354225,98.0,2893.26725,2500.0037500000003,26046220
cool-01,1788839743.8605497,98.0,2900.0095833333335,2499.99375,26046301
cool-01,1788839744.3635547,96.0,3547.5316666666668,2960.158875,26046340
cool-01,1788839744.8669727,96.0,2942.788,3110.6825,26046351
cool-01,1788839745.3699152,96.0,3881.7076666666667,3073.858125,26046370
cool-01,1788839745.8714917,96.0,2603.4221666666667,2782.4231250000003,26046394
cool-01,1788839746.3730118,100.0,2619.3003333333336,2700.0505000000003,26046436
cool-01,1788839746.877088,100.0,3046.73025,2565.1135,26046473
cool-01,1788839747.381412,98.0,2830.371833333333,2600.02725,26046532
cool-01,1788839747.8858147,100.0,2936.50525,1718.9255,26046589
cool-01,1788839748.3895829,100.0,1553.4525833333332,1217.5529999999999,26046639
cool-01,1788839748.8932488,100.0,1611.8658333333333,1160.160875,26046699
cool-02,1788839816.788492,50.0,754.835,953.003875,26051492
cool-02,1788839817.2943556,87.0,1279.7204166666668,1704.65775,26051493
cool-02,1788839817.7964349,58.0,1093.6320833333334,946.591375,26051494
cool-02,1788839818.3018494,88.0,3839.70225,3299.995125,26051494
cool-02,1788839818.8054302,97.0,4014.95275,3006.64775,26051543
cool-02,1788839819.3086107,74.0,2417.9848333333334,2940.935,26051546
cool-02,1788839819.8118398,77.0,2953.776,2941.27175,26051555
cool-02,1788839820.3141308,98.0,3689.0995,2600.2595,26051559
cool-02,1788839820.817511,92.0,2928.735416666667,3297.840875,26051562
cool-02,1788839821.3207521,74.0,2847.974416666667,2960.4705,26051564
cool-02,1788839821.8239067,100.0,3008.148166666667,3203.2241249999997,26051566
cool-02,1788839822.3274848,79.0,3040.4351666666666,2508.448125,26051566
cool-02,1788839822.830732,88.0,3311.1895,1562.7255,26051571
cool-02,1788839823.3329515,69.0,1974.2753333333333,1389.920125,26051571
cool-02,1788839823.8346837,59.0,1164.1485,519.951875,26051571
cool-02,1788839824.3387833,83.0,2266.065666666667,2550.948125,26051579
cool-02,1788839824.8402996,88.0,1839.0975,1332.623875,26051592
cool-02,1788839825.3419323,100.0,3250.5748333333336,2415.240875,26051613
cool-02,1788839825.8435316,93.0,3791.025333333333,3237.065,26051632
cool-02,1788839826.3451798,74.0,1478.1285833333334,1960.83775,26051656
cool-02,1788839826.848205,100.0,3444.3975,2800.0209999999997,26051692
cool-02,1788839827.3507185,100.0,3899.989416666667,3099.9865,26051741
cool-02,1788839827.8534865,100.0,4099.98575,3299.976,26051775
cool-02,1788839828.357512,94.0,4054.5770833333336,3299.817375,26051804
cool-02,1788839828.8593864,100.0,1027.4673333333333,476.75,26051849
cool-02,1788839829.3632016,100.0,3880.517333333333,3200.066,26051892
cool-02,1788839829.8663738,100.0,3899.0363333333335,3100.010125,26051928
cool-02,1788839830.3752115,98.0,3354.41175,2799.9855,26051979
cool-02,1788839830.8780441,98.0,1128.3339166666667,522.394875,26052032
cool-02,1788839831.3798676,97.0,3342.5400833333333,2715.022375,26052083
cool-02,1788839831.8832095,100.0,3195.8315833333336,2700.00875,26052126
cool-02,1788839832.3860443,98.0,1791.6000833333333,1954.180875,26052175
cool-02,1788839832.8885045,79.0,2904.8002500000002,2366.8713749999997,26052187
cool-02,1788839833.395213,97.0,3799.9999166666666,3099.991875,26052229
cool-02,1788839833.897608,98.0,3600.0016666666666,2900.036,26052286
cool-02,1788839834.4017482,100.0,3599.9835,2899.972875,26052334
cool-02,1788839834.905795,100.0,3291.1313333333333,2700.0502500000002,26052374
cool-02,1788839835.4105136,100.0,3599.9898333333335,2900.027,26052421
cool-02,1788839835.9144835,98.0,3400.006,2800.01375,26052462
cool-02,1788839836.4166594,94.0,1753.631,1716.005,26052508
cool-02,1788839836.9183507,98.0,3299.9940833333335,2700.0105,26052546
cool-02,1788839837.4213564,100.0,3555.851166666667,2900.040125,26052588
cool-02,1788839837.9242373,93.0,2516.8426666666664,2592.4145,26052634
cool-02,1788839838.4258232,97.0,3838.8475,3137.596875,26052681
cool-02,1788839838.9293468,97.0,3471.381,2883.66325,26052713
cool-02,1788839839.4344423,98.0,3908.475,3269.1662499999998,26052733
cool-02,1788839839.9371653,88.0,3902.0605833333334,2548.69225,26052785
cool-02,1788839840.4406953,100.0,3400.00275,2793.66325,26052828
cool-02,1788839840.9465733,100.0,3317.6658333333335,3168.01325,26052873
cool-02,1788839841.4502034,100.0,3400.0111666666667,2799.9963749999997,26052957
cool-02,1788839841.953048,97.0,1794.3408333333334,3012.3133749999997,26053004
cool-02,1788839842.4545813,98.0,3740.4623333333334,3099.967625,26053047
cool-02,1788839842.9592102,100.0,2999.9973333333332,2600.011875,26053094
cool-02,1788839843.4622107,100.0,3492.217416666667,2849.961625,26053151
cool-02,1788839843.9649096,100.0,1217.32825,2900.109625,26053201
cool-02,1788839844.4665365,100.0,1070.8733333333332,490.41724999999997,26053259
cool-02,1788839844.9683022,100.0,2990.6875833333334,2600.005,26053313
cool-02,1788839845.47523,100.0,3069.6707499999998,2600.0,26053373
cool-02,1788839845.9812849,92.0,3577.657666666667,2899.999,26053437
cool-02,1788839846.4854963,98.0,3532.7262499999997,2900.005375,26053490
cool-02,1788839846.992124,100.0,3609.5351666666666,2906.642,26053537
cool-02,1788839847.495396,100.0,2322.0335833333334,1517.181,26053580
cool-02,1788839847.9971883,97.0,1485.2085833333333,1151.6845,26053646
cool-02,1788839848.49903,100.0,3000.007416666667,2599.982375,26053717
cool-02,1788839849.0067048,100.0,3633.3148333333334,2999.981875,26053767
cool-02,1788839849.510162,100.0,3484.8884166666667,2799.980875,26053827
cool-02,1788839850.0142808,97.0,3258.5733333333333,2699.968125,26053882
cool-02,1788839850.5209205,97.0,3283.6766666666667,2709.34025,26053922
cool-02,1788839851.0248976,98.0,989.6795,1382.349875,26054000
cool-02,1788839851.5273564,100.0,3362.7523333333334,2752.255875,26054044
cool-02,1788839852.0304515,98.0,2214.0939166666667,2088.1025,26054096
cool-02,1788839852.532341,99.0,2708.28375,2679.267375,26054154
cool-02,1788839853.0375032,97.0,3200.005416666667,2699.96475,26054240
cool-02,1788839853.5409257,98.0,1435.6465833333334,3201.1169999999997,26054289
cool-02,1788839854.0424576,86.0,2300.074833333333,1700.09125,26054337
cool-02,1788839854.5485325,100.0,2891.168583333333,2500.008625,26054369
cool-02,1788839855.0519118,100.0,3899.3525,3106.08875,26054418
cool-02,1788839855.5542772,100.0,3299.9998333333333,2700.001125,26054465
cool-02,1788839856.059203,98.0,3113.83575,2625.25925,26054513
cool-02,1788839856.5619042,100.0,3265.162333333333,2700.00475,26054571
cool-02,1788839857.0648136,100.0,3699.4773333333333,3000.0143749999997,26054624
cool-02,1788839857.569883,100.0,2996.0250833333334,2599.995375,26054675
cool-02,1788839858.0732417,100.0,3690.244583333333,3000.005375,26054732
cool-02,1788839858.5830138,100.0,3200.0024166666667,2700.00825,26054782
cool-02,1788839859.0882142,100.0,2866.5465,2499.810625,26054835
cool-02,1788839859.5932178,98.0,3195.8643333333334,2697.68525,26054897
cool-02,1788839860.1012192,100.0,3099.939,2599.97925,26054955
cool-02,1788839860.60745,100.0,1896.27375,1253.952125,26055006
cool-02,1788839861.1097987,100.0,2900.00975,2499.989375,26055075
cool-02,1788839861.6142068,100.0,3393.57075,2797.3692499999997,26055145
cool-02,1788839862.1255429,100.0,3206.5453333333335,2700.009,26055196
cool-02,1788839862.6315198,100.0,3791.5985833333334,2937.81725,26055246
cool-02,1788839863.1402297,100.0,3319.063416666667,2709.453625,26055308
cool-02,1788839863.646354,100.0,3099.99725,2599.99475,26055376
cool-02,1788839864.15144,100.0,3600.0089166666667,2899.98475,26055443
cool-02,1788839864.6572037,100.0,3092.433916666667,2599.970125,26055506
cool-02,1788839865.162237,100.0,3199.9998333333333,2699.996125,26055579
cool-02,1788839865.666749,100.0,2999.996,2600.0122499999998,26055642
cool-02,1788839866.1698468,100.0,1345.0261666666665,1375.210875,26055690
cool-02,1788839866.6732693,100.0,3500.0085833333333,2800.01175,26055745
cool-02,1788839867.1773784,100.0,3499.9879166666665,2800.011875,26055798
cool-02,1788839867.680694,100.0,3861.744583333333,3300.013125,26055861
cool-02,1788839868.1834056,100.0,1427.0986666666668,1670.5305,26055910
cool-02,1788839868.6862524,100.0,3575.2986666666666,2874.8785,26055966
cool-02,1788839869.194221,100.0,3199.9889166666667,2700.005875,26056038
cool-02,1788839869.70084,100.0,3674.9634166666665,2981.172375,26056091
cool-02,1788839870.2048368,97.0,2102.22975,1915.313625,26056138
cool-02,1788839870.706498,100.0,1671.7431666666666,1259.4914999999999,26056195
cool-02,1788839871.2086115,100.0,2897.2255833333334,2500.06475,26056255
cool-02,1788839871.7132032,100.0,3699.9999166666666,3000.006125,26056310
cool-02,1788839872.2197826,98.0,3400.2573333333335,2801.43775,26056372
cool-02,1788839872.7248404,96.0,3487.972583333333,3000.1835,26056427
cool-02,1788839873.2312086,100.0,3200.01325,2700.02075,26056486
cool-02,1788839873.7341564,100.0,3099.9998333333333,2599.97525,26056536
cool-02,1788839874.2422404,100.0,3547.4198333333334,2835.992375,26056576
cool-02,1788839874.749054,98.0,3099.9945,2600.011625,26056608
cool-02,1788839875.25723,100.0,3000.172916666667,2599.97475,26056667
cool-02,1788839875.7603326,100.0,3400.005416666667,2799.979625,26056712
cool-02,1788839876.2689338,100.0,3100.0154166666666,2600.01925,26056748
cool-02,1788839876.7721906,98.0,717.939,1201.498125,26056804
cool-02,1788839877.2737958,98.0,2749.1134166666666,2399.80375,26056863
cool-02,1788839877.7758672,100.0,3382.7375,2788.1238749999998,26056912
cool-02,1788839878.2802782,100.0,3500.0115833333334,2799.9985,26056955
cool-02,1788839878.7862458,98.0,3160.4735833333334,2684.352125,26057003
cool-02,1788839879.2922258,98.0,3300.008,2699.9995,26057054
cool-02,1788839879.7992773,100.0,3499.987833333333,2799.97775,26057100
cool-02,1788839880.3041258,100.0,3099.9998333333333,2600.00075,26057169
cool-02,1788839880.8073292,100.0,1130.5396666666666,1609.155125,26057250
cool-02,1788839881.3089974,100.0,2899.99475,2499.941,26057313
cool-02,1788839881.816222,100.0,3200.0023333333334,2700.002625,26057366
cool-02,1788839882.3202326,98.0,3330.4104166666666,2737.0605,26057421
cool-02,1788839882.826617,100.0,3099.9865833333333,2599.989,26057460
cool-02,1788839883.331218,100.0,3004.0423333333333,2599.992,26057516
cool-02,1788839883.8374052,100.0,3399.5233333333335,2799.226375,26057575
cool-02,1788839884.3443005,100.0,3000.325333333333,2599.982375,26057627
cool-02,1788839884.8469493,97.0,1429.5676666666666,533.94325,26057681
cool-02,1788839885.3502111,98.0,3468.605666666667,2799.9805,26057726
cool-02,1788839885.9441416,100.0,2894.554,2499.97525,26057783
cool-02,1788839886.4463115,97.0,1263.7105833333333,2957.42,26057847
cool-02,1788839886.9480221,98.0,2448.4510833333334,1058.47175,26057894
cool-02,1788839887.4512024,100.0,3094.02025,2600.005,26057934
cool-02,1788839887.9583821,100.0,3604.978,2900.002375,26057964
cool-02,1788839888.467158,100.0,1611.7447499999998,1465.865125,26058016
cool-02,1788839888.9687514,100.0,1732.6528333333333,1446.673,26058048
cool-02,1788839889.4703012,100.0,2250.849833333333,2366.3762500000003,26058103
cool-02,1788839889.972035,94.0,2455.3835,2886.684125,26058139
cool-02,1788839890.473773,94.0,2051.3431666666665,2652.703375,26058165
cool-02,1788839890.9753058,100.0,2911.48025,2446.36225,26058221
cool-02,1788839891.4767754,100.0,2851.525833333333,2370.9113749999997,26058275
cool-02,1788839891.9782202,97.0,2586.5359166666667,2588.485875,26058324
cool-02,1788839892.4798555,98.0,2204.3055833333333,2907.241625,26058382
cool-02,1788839892.9814527,97.0,1022.7276666666667,2173.602125,26058429
cool-02,1788839893.4828327,100.0,3111.49825,2933.841875,26058442
cool-02,1788839893.9844766,81.0,985.0538333333334,830.231125,26058459
cool-02,1788839894.487433,97.0,3275.6943333333334,2936.141,26058496
cool-02,1788839894.9890676,100.0,2999.9946666666665,2600.006,26058526
cool-02,1788839895.4950223,96.0,2124.83825,2053.017875,26058551
cool-02,1788839895.9965909,100.0,1708.0225833333334,2335.252875,26058587
cool-02,1788839896.4981613,100.0,3500.35675,3300.011625,26058622
cool-02,1788839897.0022798,98.0,3499.9989166666664,2900.0015,26058665
cool-02,1788839897.508155,100.0,3199.98875,2700.0365,26058719
cool-02,1788839898.0142057,100.0,3299.985833333333,2699.989375,26058765
cool-02,1788839898.5222335,96.0,2796.329583333333,2500.01425,26058816
cool-02,1788839899.024805,100.0,3144.0094166666668,2289.87575,26058858
cool-02,1788839899.5266514,100.0,860.0665833333334,407.451875,26058888
cool-02,1788839900.0302036,100.0,3599.9969166666665,2899.99925,26058953
cool-02,1788839900.5352097,98.0,2914.97325,2562.1373750000002,26059002
cool-02,1788839901.0381575,100.0,3516.407833333333,3000.002875,26059056
cool-02,1788839901.546204,100.0,3199.9888333333333,2700.03675,26059122
cool-02,1788839902.0488458,98.0,2895.820166666667,2738.311875,26059163
cool-02,1788839902.552789,100.0,3241.105666666667,2800.013,26059216
cool-02,1788839903.0566823,100.0,3300.0003333333334,2700.0077499999998,26059251
cool-02,1788839903.55932,96.0,3353.6585,2409.4276250000003,26059300
cool-02,1788839904.0625863,99.0,3109.911,2873.71175,26059354
cool-02,1788839904.565828,100.0,3003.271,2800.0335,26059414
cool-02,1788839905.069509,99.0,3430.8189166666666,2898.665,26059466
cool-02,1788839905.5731273,98.0,3280.806833333333,2435.79725,26059538
cool-02,1788839906.074824,97.0,3463.38825,2764.33825,26059593
cool-02,1788839906.5763633,97.0,3204.929166666667,2344.389375,26059653
cool-02,1788839907.077948,94.0,2803.1914166666666,2563.3428750000003,26059736
cool-02,1788839907.5833266,100.0,2857.2125,2769.4445,26059797
cool-02,1788839908.0853252,100.0,3566.6679166666668,3100.020375,26059835
cool-02,1788839908.5900915,97.0,3590.2771666666667,2921.199125,26059885
cool-02,1788839909.0948956,100.0,2998.902666666667,2600.00525,26059935
cool-02,1788839909.6062226,100.0,2894.466,2500.0190000000002,26059994
cool-02,1788839910.1098173,99.0,2296.8330833333334,591.523625,26060064
cool-02,1788839910.611729,97.0,3124.227083333333,2808.727625,26060107
cool-02,1788839911.1151998,100.0,3400.0025,2800.03025,26060165
cool-02,1788839911.6177819,100.0,1634.3595,1276.111375,26060230
cool-02,1788839912.1194541,96.0,3564.981333333333,2900.0065,26060285
cool-02,1788839912.6230497,100.0,3135.23225,2735.81475,26060344
cool-02,1788839913.1270423,98.0,2937.9776666666667,2901.7157500000003,26060414
cool-02,1788839913.6287787,96.0,2932.9695833333335,2612.864,26060452
cool-02,1788839914.1307821,100.0,3208.8454166666666,2902.2595,26060508
cool-02,1788839914.6325815,97.0,3278.98025,2699.91325,26060559
cool-02,1788839915.137733,91.0,2556.8263333333334,2958.7595,26060613
cool-02,1788839915.6395636,97.0,3048.0435833333336,2859.423375,26060668
cool-02,1788839916.1415122,100.0,2834.8060833333334,2397.178375,26060717
cool-02,1788839916.643267,100.0,3254.1695833333333,2563.958625,26060777
cool-02,1788839917.1449828,100.0,3548.9068333333335,2979.037125,26060828
cool-02,1788839917.6466467,100.0,1988.0850833333334,2956.32375,26060890
cool-02,1788839918.1504433,100.0,674.9968333333334,1213.211375,26060935
cool-02,1788839918.6542132,100.0,2800.014,2400.00675,26061003
cool-02,1788839919.1612153,100.0,2839.8065833333335,2461.62175,26061070
cool-02,1788839919.664864,100.0,2781.204333333333,1258.632125,26061120
cool-02,1788839920.1692123,100.0,3390.06,2799.99375,26061189
cool-02,1788839920.6722937,100.0,1223.1144166666666,749.54175,26061268
cool-02,1788839921.174122,100.0,3226.387333333333,2900.006875,26061339
cool-02,1788839921.6791441,98.0,3456.82725,3000.972625,26061409
cool-02,1788839922.180801,100.0,3028.9899166666664,2681.234125,26061460
cool-02,1788839922.6831956,97.0,2982.1031666666668,2700.034,26061517
cool-02,1788839923.1870627,96.0,2859.065916666667,2800.112125,26061554
cool-02,1788839923.6899912,94.0,3497.792,2900.011125,26061584
cool-02,1788839924.1950405,100.0,2891.1808333333333,2868.888875,26061613
cool-02,1788839924.6985576,100.0,2948.6678333333334,2811.610125,26061665
cool-02,1788839925.2008219,92.0,2389.9117499999998,2146.007125,26061717
cool-02,1788839925.7027035,100.0,3022.577583333333,2236.418125,26061751
cool-02,1788839926.205422,96.0,2725.0044166666667,3100.0175,26061806
cool-02,1788839926.710278,100.0,969.2569166666666,1019.02625,26061876
cool-02,1788839927.2162359,100.0,3289.085666666667,2700.017625,26061931
cool-02,1788839927.7231257,100.0,2877.004,2499.983,26062008
cool-02,1788839928.2343893,92.0,2460.0860000000002,2199.962875,26062020
cool-02,1788839928.7382162,100.0,791.9084166666667,519.689875,26062059
cool-02,1788839929.239944,98.0,3417.9015,2828.337375,26062115
cool-02,1788839929.7421272,90.0,3366.72475,2700.136875,26062133
cool-02,1788839930.2450736,92.0,1284.2041666666667,3259.236875,26062155
cool-02,1788839930.7482104,100.0,3516.5956666666666,2999.7045,26062172
cool-02,1788839931.2520623,84.0,1428.9514166666668,1079.606125,26062181
cool-02,1788839931.757032,98.0,3368.0595,2800.03375,26062201
cool-02,1788839932.262204,97.0,3166.6665,2699.984,26062228
cool-02,1788839932.767201,97.0,3116.68225,2599.999875,26062228
cool-02,1788839933.2742395,92.0,2966.659,2499.98875,26062228
cool-02,1788839933.7809181,93.0,3496.0159166666667,2799.9715,26062228
cool-02,1788839934.2884934,92.0,3101.875666666667,2600.013,26062228
cool-02,1788839934.7932944,87.0,1693.5599166666666,652.793125,26062228
cool-02,1788839935.2948587,100.0,2982.5333333333333,2699.532,26062261
cool-02,1788839935.796816,93.0,3183.94225,2700.0035000000003,26062271
cool-02,1788839936.299086,93.0,2896.6921666666667,2199.900125,26062271
cool-02,1788839936.8010373,92.0,3076.6568333333335,2600.1415,26062272
cool-02,1788839937.3029754,93.0,3250.08875,2500.03875,26062272
cool-02,1788839937.8062737,92.0,2883.3355833333335,2499.982875,26062272
cool-02,1788839938.313659,92.0,3171.828,2699.990375,26062274
cool-02,1788839938.815541,92.0,3365.1,2799.810625,26062280
cool-02,1788839939.317365,93.0,3083.15875,2600.09775,26062280
cool-02,1788839939.8197174,92.0,3183.32,2599.7875,26062280
cool-02,1788839940.3216655,93.0,2920.13425,2599.99325,26062280
cool-02,1788839940.8292584,87.0,2500.018666666667,1900.00225,26062280
cool-02,1788839941.3368857,89.0,1993.5960833333334,456.419875,26062280
cool-02,1788839941.8385391,93.0,3259.0743333333335,2700.35475,26062286
cool-02,1788839942.3403988,92.0,2778.9735,2600.093375,26062286
cool-02,1788839942.842308,94.0,3066.631083333333,2600.449125,26062286
cool-02,1788839943.34507,95.0,3268.0688333333333,2700.264625,26062290
cool-02,1788839943.8477447,96.0,3267.58725,2700.2556250000002,26062292
cool-02,1788839944.3521292,93.0,3608.00825,2587.263875,26062292
cool-02,1788839944.8557513,91.0,3196.4895,3100.02925,26062301
cool-02,1788839945.3577664,93.0,2721.340583333333,3100.255375,26062311
cool-02,1788839945.8593366,89.0,3152.914333333333,2700.60925,26062325
cool-02,1788839946.3612156,90.0,3277.149,2700.006875,26062332
cool-02,1788839946.8690627,92.0,2966.6721666666667,2500.01425,26062332
cool-02,1788839947.3775806,90.0,3249.95775,2699.079,26062332
cool-02,1788839947.8800185,92.0,3166.644166666667,2600.006,26062370
cool-02,1788839948.3850548,92.0,2983.337916666667,2499.98875,26062370
cool-02,1788839948.8952649,92.0,2866.65925,2499.9945,26062370
cool-02,1788839949.4012344,92.0,2883.3280833333333,2499.98375,26062370
cool-02,1788839949.9082286,93.0,2866.668833333333,2500.015875,26062370
cool-02,1788839950.4172432,92.0,2966.6714166666666,2500.02775,26062370
cool-02,1788839950.9262245,92.0,2866.6664166666665,2500.01775,26062370
cool-02,1788839951.4326267,92.0,2966.6765,2499.98025,26062370
cool-02,1788839951.9412634,92.0,2866.6739166666666,2500.016625,26062370
cool-02,1788839952.4499161,92.0,2933.3305,2499.99975,26062370
cool-02,1788839952.9585412,93.0,2784.121166666667,2399.9945,26062370
cool-02,1788839953.4642363,92.0,2966.6696666666667,2500.0055,26062370
cool-02,1788839953.9712384,93.0,2866.68375,2499.9785,26062370
cool-02,1788839954.4804103,92.0,2966.659,2500.02325,26062370
cool-02,1788839954.9892344,96.0,2866.656916666667,2500.011625,26062370
cool-02,1788839955.496145,92.0,2966.6765,2500.00225,26062370
cool-02,1788839956.0052285,100.0,3299.9998333333333,2699.982125,26062392
cool-02,1788839956.5080676,100.0,3400.005416666667,2800.015875,26062450
cool-02,1788839957.0133011,100.0,3200.005166666667,2700.0215,26062503
cool-02,1788839957.5200102,100.0,3299.9998333333333,2700.0205,26062562
cool-02,1788839958.031643,100.0,3100.01025,2599.980125,26062619
cool-02,1788839958.5382528,100.0,3299.9941666666664,2700.010125,26062686
cool-02,1788839959.0458372,98.0,3096.7515,2600.03175,26062734
cool-02,1788839959.549778,98.0,3374.1923333333334,2799.9565000000002,26062798
cool-02,1788839960.053393,100.0,3199.997083333333,2699.98,26062850
cool-02,1788839960.5581663,98.0,1280.06875,1583.829375,26062906
cool-02,1788839961.0612383,100.0,3226.9611666666665,2700.020875,26062946
cool-02,1788839961.564672,100.0,2122.1515833333333,2656.725875,26062998
cool-02,1788839962.0692306,99.0,3199.9945,2699.9815,26063042
cool-02,1788839962.5752356,99.0,3100.0024166666667,2600.001375,26063110
cool-02,1788839963.0823703,100.0,3100.0129166666666,2599.983625,26063169
cool-02,1788839963.5912292,100.0,3035.4499166666665,2521.148,26063237
cool-02,1788839964.0974247,100.0,3395.21875,2799.995875,26063287
cool-02,1788839964.6041079,100.0,3392.2875,2788.3825,26063367
cool-02,1788839965.1082633,100.0,3399.98825,2800.00275,26063399
cool-02,1788839965.61824,100.0,3100.012833333333,2599.984125,26063448
cool-02,1788839966.124474,100.0,3300.0024166666667,2700.01375,26063511
cool-02,1788839966.6322312,100.0,3199.9886666666666,2699.9865,26063574
cool-02,1788839967.1382482,100.0,3199.9861666666666,2700.00375,26063629
cool-02,1788839967.644234,100.0,3189.5629166666668,2684.1042500000003,26063700
cool-02,1788839968.1502504,98.0,3199.9998333333333,2699.9946250000003,26063751
cool-02,1788839968.6568108,93.0,3339.47775,2680.614,26063807
cool-02,1788839969.158611,97.0,1419.9239166666666,1351.9368749999999,26063848
cool-02,1788839969.6617053,98.0,3082.1545,2700.010875,26063893
cool-02,1788839970.1670897,100.0,2799.993,2400.02175,26063938
cool-02,1788839970.6742167,100.0,2793.3259166666667,2400.02375,26063987
cool-02,1788839971.1779778,100.0,899.9548333333333,1352.1757499999999,26064039
cool-02,1788839971.6822248,100.0,2994.3265,2570.226875,26064099
cool-02,1788839972.188441,100.0,1362.7666666666667,853.006875,26064168
cool-02,1788839972.690708,100.0,2699.0671666666667,2400.0074999999997,26064250
cool-02,1788839973.2002263,100.0,2698.1925833333335,2400.012625,26064319
cool-02,1788839973.7080996,100.0,777.0956666666667,1049.93725,26064377
cool-02,1788839974.2122228,98.0,3000.00475,2541.792625,26064458
cool-02,1788839974.7172446,100.0,3332.0351666666666,2774.21825,26064539
cool-02,1788839975.2212164,99.0,2699.9913333333334,2399.982625,26064612
cool-02,1788839975.7248225,98.0,2311.873416666667,2354.258125,26064665
cool-02,1788839976.2292259,98.0,3117.3848333333335,2623.896875,26064737
cool-02,1788839976.7322788,100.0,1252.9148333333333,1619.066875,26064800
cool-02,1788839977.2348597,100.0,2694.9890833333334,2400.00475,26064871
cool-02,1788839977.7400434,100.0,2697.0935833333333,2399.98275,26064937
cool-02,1788839978.2492409,95.0,2648.97325,2847.817625,26064994
cool-02,1788839978.7543108,100.0,2999.9825,2599.99525,26065057
cool-02,1788839979.2579017,100.0,1440.2904166666667,694.896375,26065115
cool-02,1788839979.7597682,100.0,2693.9265833333334,2399.994125,26065187
cool-02,1788839980.2662244,100.0,2796.0133333333333,2400.039375,26065270
cool-02,1788839980.7732284,100.0,3442.935,2811.49825,26065358
cool-02,1788839981.2772214,100.0,2700.0111666666667,2400.0126250000003,26065435
cool-02,1788839981.7847342,100.0,2800.0020833333333,2400.007625,26065515
cool-02,1788839982.2924695,98.0,2692.81325,2399.991,26065595
cool-02,1788839982.7959259,98.0,1262.5920833333334,1091.69225,26065658
cool-02,1788839983.2992287,100.0,2999.9970833333336,2515.22975,26065717
cool-02,1788839983.8056664,100.0,3099.99725,2599.998,26065780
cool-02,1788839984.3112104,100.0,2881.885,2477.077875,26065848
cool-02,1788839984.8174725,98.0,2899.994833333333,2500.00975,26065912
cool-02,1788839985.3207397,100.0,2535.0685,2545.7467500000002,26065950
cool-02,1788839985.8230639,79.0,1400.0035833333334,1400.01925,26065968
cool-02,1788839986.333223,100.0,3099.9891666666667,2597.443625,26065982
cool-02,1788839986.8379598,96.0,3400.0781666666667,3177.370375,26066001
cool-02,1788839987.3413048,93.0,2923.5295833333334,2831.179625,26066031
cool-02,1788839987.844219,99.0,2702.03125,2666.632625,26066071
cool-02,1788839988.3480089,98.0,3638.0355833333333,2998.4673749999997,26066113
cool-02,1788839988.8515337,100.0,2660.7035,2803.818625,26066162
cool-02,1788839989.355762,96.0,3194.86925,2353.394875,26066217
cool-02,1788839989.8592415,100.0,1831.4474166666666,589.350125,26066267
cap65-01,1788840081.1069517,64.0,1898.2006666666666,1365.570375,26072456
cap65-01,1788840081.632673,86.0,1669.6675,2042.97725,26072458
cap65-01,1788840082.15759,78.0,2178.57975,1191.15575,26072464
cap65-01,1788840082.6792808,56.0,3254.3071666666665,3218.421125,26072464
cap65-01,1788840083.2145226,92.0,3791.4839166666666,3313.908125,26072464
cap65-01,1788840083.7405818,88.0,3178.1680833333335,2570.1935,26072465
cap65-01,1788840084.263558,83.0,2866.6715,2594.22275,26072471
cap65-01,1788840084.7855458,94.0,3785.7636666666667,3303.527125,26072481
cap65-01,1788840085.3085797,85.0,3787.9803333333334,3251.913,26072489
cap65-01,1788840085.8282485,91.0,3537.63675,3300.958625,26072489
cap65-01,1788840086.3497202,88.0,3083.764583333333,2694.35675,26072490
cap65-01,1788840086.8700335,77.0,3471.6566666666668,2955.894375,26072490
cap65-01,1788840087.3913324,75.0,2503.49375,2666.2623750000002,26072490
cap65-01,1788840087.9147067,62.0,1360.4385833333333,1052.25625,26072490
cap65-01,1788840088.4392467,58.0,1674.19475,718.79325,26072490
cap65-01,1788840088.9726853,92.0,2924.9688333333334,2800.015875,26072517
cap65-01,1788840089.507336,100.0,3925.0506666666665,3199.06525,26072529
cap65-01,1788840090.050515,86.0,3847.5860000000002,3123.1715,26072537
cap65-01,1788840090.5836918,85.0,3385.652,2965.74625,26072538
cap65-01,1788840091.1045468,88.0,3616.0523333333335,2797.528875,26072543
cap65-01,1788840091.6341639,96.0,3883.3348333333333,3099.961875,26072560
cap65-01,1788840092.1635723,94.0,3765.6365,2999.97375,26072573
cap65-01,1788840092.6948473,97.0,2289.808,2861.58875,26072589
cap65-01,1788840093.2222068,96.0,4100.003333333333,3299.735,26072613
cap65-01,1788840093.7640424,100.0,3777.5378333333333,3099.995875,26072661
cap65-01,1788840094.307206,100.0,3500.0121666666664,2900.027125,26072685
cap65-01,1788840094.8532183,100.0,3658.3465,2895.7554999999998,26072715
cap65-01,1788840095.3962097,94.0,3103.1965833333334,2600.01275,26072778
cap65-01,1788840095.943814,100.0,3266.652916666667,2700.019625,26072818
cap65-01,1788840096.5121968,100.0,3475.6736666666666,2874.209625,26072836
cap65-01,1788840097.0375102,98.0,3042.8493333333336,2900.094125,26072897
cap65-01,1788840097.5671985,96.0,3699.990333333333,3000.018125,26072942
cap65-01,1788840098.1012132,100.0,3400.00875,2799.98375,26073005
cap65-01,1788840098.634756,100.0,3290.7324166666667,2700.032625,26073050
cap65-01,1788840099.1855006,97.0,3599.994333333333,2900.01,26073097
cap65-01,1788840099.7162995,100.0,3400.006,2799.951875,26073134
cap65-01,1788840100.2480075,96.0,3295.01,2699.961375,26073199
cap65-01,1788840100.7837808,100.0,3257.4706666666666,2700.063,26073248
cap65-01,1788840101.319495,100.0,3155.5446666666667,2699.982625,26073285
cap65-01,1788840101.8533142,93.0,2582.1535833333332,2167.781125,26073323
cap65-01,1788840102.3848999,100.0,3199.9995833333332,2699.9905,26073375
cap65-01,1788840102.9212096,100.0,3583.3300833333333,2900.007125,26073429
cap65-01,1788840103.4781322,100.0,3411.4974166666666,2800.0119999999997,26073472
cap65-01,1788840104.02135,97.0,3489.657333333333,2900.003125,26073524
cap65-01,1788840104.5542846,100.0,3692.38925,2999.99975,26073589
cap65-01,1788840105.0850687,94.0,3599.9248333333335,2601.51925,26073643
cap65-01,1788840105.6145487,98.0,3293.7370833333334,2799.95375,26073682
cap65-01,1788840106.1465077,100.0,3380.868916666667,2793.3065,26073733
cap65-01,1788840106.6952958,100.0,3836.37325,3099.368,26073796
cap65-01,1788840107.22464,97.0,3350.0621666666666,2900.1911250000003,26073859
cap65-01,1788840107.750062,97.0,1747.3926666666666,1846.421625,26073908
cap65-01,1788840108.2769399,100.0,3496.2235833333334,2895.9719999999998,26073955
cap65-01,1788840108.8202045,100.0,3378.5598333333332,2788.9764999999998,26074015
cap65-01,1788840109.3655815,97.0,3703.0500833333335,2978.085625,26074068
cap65-01,1788840109.8922105,100.0,2997.432333333333,2599.99925,26074128
cap65-01,1788840110.4456635,100.0,2894.97,2254.010375,26074177
cap65-01,1788840110.9918334,100.0,1791.2984166666668,1642.2485,26074231
cap65-01,1788840111.518233,98.0,3312.41325,2716.4338749999997,26074264
cap65-01,1788840112.065135,100.0,3600.003,2899.9922500000002,26074322
cap65-01,1788840112.6183105,100.0,2395.325333333333,2412.513,26074374
cap65-01,1788840113.144064,100.0,1902.6554166666667,1907.21425,26074430
cap65-01,1788840113.6702054,98.0,2977.06275,2592.8745,26074488
cap65-01,1788840114.2145994,100.0,3597.9591666666665,2899.99325,26074546
cap65-01,1788840114.7650845,100.0,3500.0151666666666,2799.9880000000003,26074617
cap65-01,1788840115.308608,100.0,2335.474166666667,1070.709,26074673
cap65-01,1788840115.8392513,98.0,3799.9934166666667,3099.998375,26074739
cap65-01,1788840116.377242,98.0,2456.001166666667,1344.333625,26074780
cap65-01,1788840116.9049997,100.0,3499.8359166666664,2827.349,26074838
cap65-01,1788840117.4516296,100.0,3272.0865833333332,2699.9856250000003,26074890
cap65-01,1788840118.0153706,100.0,1992.1025833333333,1480.270125,26074951
cap65-01,1788840118.5382264,98.0,3652.64325,2911.890375,26074998
cap65-01,1788840119.0796165,98.0,2894.2255,2500.0012500000003,26075058
cap65-01,1788840119.6230018,95.0,2600.262083333333,762.250875,26075120
cap65-01,1788840120.1449983,100.0,3299.997083333333,2699.96325,26075184
cap65-01,1788840120.6922045,99.0,3300.0026666666668,2699.986875,26075244
cap65-01,1788840121.2392075,100.0,2899.9975,2499.989,26075318
cap65-01,1788840121.8349254,98.0,3507.2221666666665,2899.99,26075375
cap65-01,1788840122.3840823,100.0,3290.6963333333333,2720.261625,26075428
cap65-01,1788840122.9144986,97.0,2330.3189166666666,1119.56475,26075480
cap65-01,1788840123.4441326,100.0,2998.5858333333335,2599.98,26075522
cap65-01,1788840123.9871995,97.0,3199.99425,2700.02225,26075582
cap65-01,1788840124.5313566,100.0,2998.2051666666666,2600.0165,26075639
cap65-01,1788840125.081224,98.0,3199.9996666666666,2699.969,26075688
cap65-01,1788840125.6287668,97.0,2458.3285833333334,1359.959125,26075730
cap65-01,1788840126.1586342,98.0,2799.9918333333335,2399.985875,26075784
cap65-01,1788840126.7072213,100.0,3533.3343333333332,3000.005875,26075841
cap65-01,1788840127.2652733,100.0,2900.6703333333335,2500.114,26075916
cap65-01,1788840127.796197,100.0,3199.9943333333335,2699.9885,26075965
cap65-01,1788840128.3601525,98.0,3200.0085833333333,2700.00525,26076013
cap65-01,1788840128.899199,100.0,3200.010583333333,2700.0125,26076080
cap65-01,1788840129.4462144,100.0,3199.9998333333333,2699.980375,26076153
cap65-01,1788840129.9938273,100.0,1868.9445,1491.531,26076214
cap65-01,1788840130.5502088,100.0,2799.9809999999998,2400.016,26076276
cap65-01,1788840131.092038,100.0,3184.9083333333333,2699.98925,26076347
cap65-01,1788840131.645234,99.0,2700.01575,2400.003125,26076404
cap65-01,1788840132.184825,100.0,1173.8259166666667,764.40725,26076460
cap65-01,1788840132.715233,100.0,2799.6613333333335,2895.512,26076534
cap65-01,1788840133.2482188,100.0,3099.9998333333333,2600.00475,26076592
cap65-01,1788840133.786227,100.0,2999.99475,2600.0143749999997,26076647
cap65-01,1788840134.3459382,100.0,2090.4544166666665,2245.0682500000003,26076710
cap65-01,1788840134.8939004,96.0,3176.29,2684.686375,26076748
cap65-01,1788840135.4393835,99.0,2899.9998333333333,2500.00725,26076788
cap65-01,1788840135.9773726,98.0,3118.7080833333334,2224.255,26076849
cap65-01,1788840136.504558,100.0,3300.011,2700.002,26076905
cap65-01,1788840137.0552027,100.0,3199.5511666666666,2700.005125,26076957
cap65-01,1788840137.599528,100.0,3400.0113333333334,2800.01225,26077023
cap65-01,1788840138.1555123,100.0,1883.1023333333333,2581.801125,26077087
cap65-01,1788840138.6792011,100.0,3399.994,2800.00225,26077161
cap65-01,1788840139.2292213,100.0,2945.241916666667,2548.5607499999996,26077252
cap65-01,1788840139.7812104,100.0,2900.0023333333334,2499.9922500000002,26077351
cap65-01,1788840140.3382795,100.0,3299.996833333333,2699.98375,26077413
cap65-01,1788840140.9002206,100.0,3000.007416666667,2599.99,26077488
cap65-01,1788840141.4552202,100.0,3030.058916666667,2582.5144999999998,26077538
cap65-01,1788840142.0107536,94.0,3533.786,2900.188125,26077599
cap65-01,1788840142.553492,100.0,2790.5077499999998,2404.11825,26077649
cap65-01,1788840143.114988,98.0,2932.4869166666667,2899.9255,26077705
cap65-01,1788840143.6503603,95.0,3400.0055,2799.98875,26077747
cap65-01,1788840144.201483,100.0,2971.980666666667,2571.567625,26077819
cap65-01,1788840144.7452326,97.0,2900.009666666667,2500.011875,26077888
cap65-01,1788840145.2968867,100.0,3299.99975,2700.012875,26077951
cap65-01,1788840145.8822684,97.0,3363.3371666666667,2752.523125,26078010
cap65-01,1788840146.43538,97.0,3429.1225833333333,2876.990875,26078078
cap65-01,1788840146.965446,100.0,1534.6815833333333,615.69,26078153
cap65-01,1788840147.492218,100.0,2999.99475,2599.9955,26078215
cap65-01,1788840148.029214,100.0,2774.9920833333335,2600.023875,26078284
cap65-01,1788840148.5782201,98.0,2999.9971666666665,2599.9905,26078344
cap65-01,1788840149.1222756,100.0,3299.997,2700.0011250000002,26078398
cap65-01,1788840149.6812303,99.0,2899.9974166666666,2500.027875,26078454
cap65-01,1788840150.234707,90.0,3572.390083333333,2696.83325,26078507
cap65-01,1788840150.7608886,100.0,2914.170833333333,2508.2075,26078544
cap65-01,1788840151.295917,100.0,2984.2829166666666,2557.800875,26078595
cap65-01,1788840151.8297217,97.0,2577.9311666666667,1585.718,26078640
cap65-01,1788840152.356357,98.0,2666.5659166666665,735.256875,26078681
cap65-01,1788840152.878894,100.0,3339.6248333333333,2713.893,26078739
cap65-01,1788840153.4573367,97.0,4099.977,3295.498,26078793
cap65-01,1788840153.9808657,100.0,2725.4799166666667,2123.3115,26078872
cap65-01,1788840154.5075788,97.0,2474.2204166666666,3301.132875,26078911
cap65-01,1788840155.0307834,100.0,2750.2124166666667,2127.491875,26078943
cap65-01,1788840155.5639362,98.0,2415.6008333333334,2575.38525,26078990
cap65-01,1788840156.0881996,100.0,3535.3349166666667,3032.05575,26079032
cap65-01,1788840156.6251564,100.0,2186.05175,2185.71475,26079083
cap65-01,1788840157.1474729,100.0,1953.58825,2196.573125,26079132
cap65-01,1788840157.6708708,100.0,2676.999,2897.015625,26079187
cap65-01,1788840158.1945465,100.0,1917.5295,1801.842875,26079231
cap65-01,1788840158.717407,92.0,2657.253333333333,2783.957625,26079256
cap65-01,1788840159.239687,87.0,2387.2499166666666,1358.7885,26079272
cap65-01,1788840159.7645557,98.0,3611.668833333333,2908.599375,26079301
cap65-01,1788840160.2996016,90.0,2255.0935,1108.882125,26079315
cap65-01,1788840160.8218307,100.0,3516.593083333333,2999.9963749999997,26079347
cap65-01,1788840161.3862214,100.0,2950.4329166666666,2398.30225,26079395
cap65-01,1788840161.945031,85.0,2008.09,1762.8495,26079435
cap65-01,1788840162.472131,97.0,3236.26425,2227.081375,26079481
cap65-01,1788840163.0174143,100.0,2686.291166666667,1652.509875,26079537
cap65-01,1788840163.546053,96.0,2465.2824166666664,2633.44125,26079579
cap65-01,1788840164.0736432,100.0,2990.433666666667,2599.938125,26079616
cap65-01,1788840164.6126797,100.0,2934.94475,2537.587375,26079671
cap65-01,1788840165.1622066,100.0,2999.9971666666665,2600.03125,26079720
cap65-01,1788840165.7051046,100.0,2699.9905833333332,2400.002125,26079773
cap65-01,1788840166.2519543,99.0,3291.3065833333335,2699.964375,26079819
cap65-01,1788840166.7832248,100.0,1679.0868333333333,1137.82125,26079844
cap65-01,1788840167.3272102,100.0,3095.02975,2600.015875,26079914
cap65-01,1788840167.872202,100.0,2961.501333333333,2600.01175,26079993
cap65-01,1788840168.4136467,100.0,2848.929916666667,2459.96925,26080063
cap65-01,1788840168.9528685,97.0,3107.70575,2538.24025,26080108
cap65-01,1788840169.4856021,96.0,3196.5106666666666,2449.46475,26080151
cap65-01,1788840170.0140054,99.0,2882.69025,2678.780875,26080217
cap65-01,1788840170.5413835,100.0,2680.1678333333334,2558.049875,26080272
cap65-01,1788840171.0745592,100.0,3097.896083333333,2599.987625,26080317
cap65-01,1788840171.6082501,100.0,3219.39975,2930.918875,26080386
cap65-01,1788840172.135882,100.0,3201.7405,1712.362875,26080442
cap65-01,1788840172.6739364,100.0,3008.5215,2214.04225,26080498
cap65-01,1788840173.2007134,98.0,3378.4183333333335,2127.436875,26080551
cap65-01,1788840173.7316895,100.0,3107.4535,2900.130875,26080616
cap65-01,1788840174.257969,97.0,3360.5713333333333,2883.80725,26080679
cap65-01,1788840174.7858596,97.0,2545.726583333333,2244.175375,26080737
cap65-01,1788840175.3153026,100.0,2125.3166666666666,400.0,26080787
cap65-01,1788840175.8408954,100.0,3191.09975,2700.00025,26080831
cap65-01,1788840176.3782215,100.0,2796.36525,2400.00075,26080891
cap65-01,1788840176.922605,97.0,2726.6535,2399.992375,26080940
cap65-01,1788840177.4682279,100.0,1707.2855,1412.5985,26080996
cap65-01,1788840177.9889688,100.0,2615.8838333333333,2600.534875,26081050
cap65-01,1788840178.525238,100.0,2787.077333333333,2400.004375,26081114
cap65-01,1788840179.06197,96.0,3567.143666666667,3173.024,26081155
cap65-01,1788840179.6014228,100.0,2789.813833333333,2431.55775,26081215
cap65-01,1788840180.1342642,100.0,3436.8635,2900.867375,26081276
cap65-01,1788840180.6642208,100.0,2645.880166666667,2698.15825,26081337
cap65-01,1788840181.1938496,98.0,2712.4086666666667,2504.986625,26081394
cap65-01,1788840181.726861,97.0,3345.6855833333334,2937.35375,26081458
cap65-01,1788840182.2575843,100.0,2903.035,2800.233,26081507
cap65-01,1788840182.787273,94.0,2763.16825,3015.87225,26081562
cap65-01,1788840183.315805,93.0,2952.5486666666666,2777.618875,26081626
cap65-01,1788840183.8452778,100.0,3116.270666666667,3176.64325,26081674
cap65-01,1788840184.3725164,100.0,2784.610833333333,2551.963375,26081727
cap65-01,1788840184.9045866,100.0,2028.9065833333334,1862.6205,26081790
cap65-01,1788840185.4331522,97.0,3280.969416666667,3300.003875,26081859
cap65-01,1788840185.9728944,100.0,2985.594916666667,2599.99475,26081909
cap65-01,1788840186.5202177,100.0,2799.97225,2399.999,26081999
cap65-01,1788840187.0983057,100.0,1474.8836666666666,694.10675,26082051
cap65-01,1788840187.6246817,100.0,1824.3063333333334,1593.241125,26082104
cap65-01,1788840188.1711032,100.0,2867.9185,2600.031,26082147
cap65-01,1788840188.7054892,98.0,2884.6193333333335,2701.306125,26082200
cap65-01,1788840189.2349095,100.0,2993.15,2641.852,26082257
cap65-01,1788840189.7662015,98.0,3195.70675,2698.741875,26082314
cap65-01,1788840190.2945702,97.0,3027.6545,2685.333,26082375
cap65-01,1788840190.8246675,97.0,2949.1756666666665,2840.955125,26082438
cap65-01,1788840191.3530679,100.0,2909.5349166666665,2635.16675,26082498
cap65-01,1788840191.8835828,100.0,3168.36125,2534.29675,26082573
cap65-01,1788840192.4115481,95.0,3209.313666666667,2913.5255,26082633
cap65-01,1788840192.943216,98.0,2961.312,2399.515,26082705
cap65-01,1788840193.47789,100.0,2363.583,2422.294125,26082762
cap65-01,1788840194.0056832,98.0,1852.5470833333334,866.8665,26082826
cap65-01,1788840194.5317297,100.0,2780.7033333333334,2400.0025,26082884
cap65-01,1788840195.0842338,100.0,2883.6080833333335,2500.009,26082931
cap65-01,1788840195.6312017,100.0,1825.02025,965.108875,26082981
cap65-01,1788840196.155364,98.0,3499.99975,2893.856875,26083063
cap65-01,1788840196.6997166,96.0,3921.0495,3299.972875,26083081
cap65-01,1788840197.2229328,100.0,3574.59625,2760.74725,26083115
cap65-01,1788840197.7464952,96.0,3500.038666666667,3060.980375,26083137
cap65-01,1788840198.284201,100.0,3399.997,2799.969875,26083206
cap65-01,1788840198.8282466,100.0,3195.7385833333333,2696.696375,26083259
cap65-01,1788840199.3962939,100.0,3400.005416666667,2799.972375,26083307
cap65-01,1788840199.9524844,98.0,3399.99975,2799.9675,26083386
cap65-01,1788840200.5243092,100.0,2998.6879166666668,2600.030375,26083442
cap65-01,1788840201.055656,100.0,3273.7100833333334,2700.11525,26083508
cap65-01,1788840201.5869253,97.0,3286.361,2508.49525,26083564
cap65-01,1788840202.1104763,97.0,3810.9229166666664,3058.544125,26083607
cap65-01,1788840202.6430604,100.0,3188.5545833333335,2699.839125,26083656
cap65-01,1788840203.1772766,100.0,3399.9909166666666,2800.01125,26083715
cap65-01,1788840203.7514064,100.0,3100.0014166666665,2600.039625,26083772
cap65-01,1788840204.2848735,100.0,3076.6458333333335,2586.29425,26083820
cap65-01,1788840204.8242536,100.0,3328.5293333333334,2744.653625,26083891
cap65-01,1788840205.3959186,98.0,2980.24175,2600.114625,26083936
cap65-01,1788840205.929062,98.0,3296.08675,2700.04625,26084024
cap65-01,1788840206.4617364,98.0,3291.4484166666666,2699.837875,26084091
cap65-01,1788840206.991761,100.0,2936.906916666667,2452.99275,26084153
cap65-01,1788840207.521673,100.0,3530.9695,2624.2995,26084210
cap65-01,1788840208.04576,83.0,1772.9214166666666,1400.062625,26084225
cap65-01,1788840208.5812345,94.0,2966.6611666666668,2499.9925,26084242
cap65-01,1788840209.1277359,93.0,2933.33525,2599.998125,26084242
cap65-01,1788840209.679403,100.0,3299.997083333333,2700.004,26084275
cap65-01,1788840210.2112114,95.0,2883.3358333333335,2499.991,26084309
cap65-01,1788840210.770254,93.0,2966.666416666667,2500.0098749999997,26084309
cap65-01,1788840211.3382452,92.0,2850.00225,2399.995875,26084313
cap65-01,1788840211.8812706,92.0,2053.1644166666665,1546.866375,26084313
cap65-01,1788840212.4175248,94.0,2766.6665,2400.0105000000003,26084313
cap65-01,1788840212.992365,94.0,2766.656916666667,2400.02,26084313
cap65-01,1788840213.5570896,93.0,2983.320583333333,2500.014125,26084313
cap65-01,1788840214.122978,94.0,2766.65925,2400.009,26084313
cap65-01,1788840214.6842341,93.0,2983.3380833333335,2500.00225,26084313
cap65-01,1788840215.254219,93.0,2766.6663333333336,2399.986875,26084316
cap65-01,1788840215.8151,93.0,2114.7091666666665,2562.669875,26084316
cap65-01,1788840216.3532383,94.0,2866.666333333333,2499.99775,26084316
cap65-01,1788840216.9203093,95.0,2929.0405833333334,2699.99,26084331
cap65-01,1788840217.471219,95.0,2816.6689166666665,2400.00625,26084342
cap65-01,1788840218.030221,92.0,3900.019416666667,3100.002375,26084375
cap65-01,1788840218.5628238,100.0,3199.9998333333333,2699.986875,26084427
cap65-01,1788840219.1242855,98.0,2999.9895,2510.51325,26084494
cap65-01,1788840219.665263,100.0,3300.005166666667,2699.978,26084549
cap65-01,1788840220.2430804,100.0,3100.007583333333,2600.00325,26084613
cap65-01,1788840220.807229,100.0,3299.99975,2700.00925,26084667
cap65-01,1788840221.372225,100.0,3099.9971666666665,2600.01925,26084730
cap65-01,1788840221.9242191,100.0,3099.99725,2599.9945000000002,26084790
cap65-01,1788840222.4824762,100.0,3199.674666666667,2700.005,26084852
cap65-01,1788840223.0582352,99.0,2999.99725,2575.39925,26084914
cap65-01,1788840223.6148753,100.0,3300.0081666666665,2699.996875,26084964
cap65-01,1788840224.1822536,100.0,3131.0363333333335,2634.741625,26085022
cap65-01,1788840224.7252553,100.0,2400.7595833333335,2699.92775,26085086
cap65-01,1788840225.2702336,100.0,3000.00225,2599.98475,26085136
cap65-01,1788840225.8205125,100.0,3099.99975,2599.996375,26085210
cap65-01,1788840226.382266,99.0,3299.8813333333333,2699.988375,26085266
cap65-01,1788840226.9546154,100.0,3000.005166666667,2524.844,26085348
cap65-01,1788840227.5253856,100.0,3100.0180833333334,2600.035875,26085409
cap65-01,1788840228.0950577,100.0,2999.9998333333333,2559.589125,26085467
cap65-01,1788840228.6539295,97.0,3334.101833333333,2719.0615,26085518
cap65-01,1788840229.189235,100.0,2844.9195833333333,2574.23625,26085575
cap65-01,1788840229.7492263,100.0,3199.9970000000003,2699.9809999999998,26085645
cap65-01,1788840230.313957,98.0,3185.7563333333333,2685.529875,26085710
cap65-01,1788840230.8787873,97.0,3662.6254166666668,2973.0965,26085767
cap65-01,1788840231.4026916,100.0,1985.91075,580.4025,26085800
cap65-01,1788840231.936859,100.0,3278.1741666666667,2699.97875,26085873
cap65-01,1788840232.477224,100.0,2783.6850833333333,2435.69225,26085930
cap65-01,1788840233.0212352,100.0,2699.9971666666665,2399.993125,26086015
cap65-01,1788840233.5612726,98.0,1568.5058333333334,1059.281625,26086078
cap65-01,1788840234.0922227,100.0,3099.997083333333,2600.027125,26086163
cap65-01,1788840234.6327791,98.0,3694.7555,3000.152,26086231
cap65-01,1788840235.162972,100.0,2799.998,2399.997,26086264
cap65-01,1788840235.7017558,100.0,2693.02225,2400.00075,26086312
cap65-01,1788840236.2491093,99.0,3454.901,2842.33875,26086363
cap65-01,1788840236.7983282,98.0,2999.9998333333333,2600.0315,26086424
cap65-01,1788840237.3404644,100.0,1262.7028333333333,562.44925,26086491
cap65-01,1788840237.8682227,100.0,2594.1625833333333,2300.002125,26086534
cap65-01,1788840238.4073057,100.0,2699.997083333333,2399.979,26086587
cap65-01,1788840238.9551811,100.0,3699.98225,2999.976875,26086635
cap65-01,1788840239.4932141,100.0,2031.5589166666666,1551.3095,26086689
cap65-01,1788840240.0388155,100.0,2800.0093333333334,2399.985125,26086750
cap65-01,1788840240.57994,100.0,2687.2730833333335,2400.006125,26086809
cap65-01,1788840241.1310215,98.0,1374.3843333333334,602.494375,26086856
cap65-01,1788840241.6592298,100.0,2899.9924166666665,2500.0085,26086921
cap65-01,1788840242.1962192,100.0,3277.7834166666667,2700.046125,26086984
cap65-01,1788840242.7380729,100.0,2699.9951666666666,2399.96525,26087044
cap65-01,1788840243.2799487,100.0,1460.3325833333333,547.4952499999999,26087083
cap65-01,1788840243.8032281,98.0,2935.722333333333,2508.68725,26087161
cap65-01,1788840244.3464544,100.0,3400.003583333333,2799.954125,26087227
cap65-01,1788840244.8846376,100.0,2699.9883333333332,2400.008625,26087296
cap65-01,1788840245.430124,100.0,1388.6545833333334,1086.8165,26087362
cap65-01,1788840245.9712186,100.0,2900.0021666666667,2500.000125,26087431
cap65-01,1788840246.5162017,98.0,3300.0043333333333,2699.96825,26087502
cap65-01,1788840247.062869,99.0,2808.59775,2399.9925,26087566
cap65-01,1788840247.6212204,100.0,2799.99525,2400.008375,26087635
cap65-01,1788840248.1757221,96.0,1429.64025,1818.437,26087659
cap65-01,1788840248.7059796,92.0,3874.0299999999997,2920.482125,26087661
cap65-01,1788840249.237937,100.0,3621.4090833333335,2922.86825,26087679
cap65-01,1788840249.765541,98.0,3667.6145,2999.03375,26087717
cap65-01,1788840250.3064423,100.0,2899.679166666667,2500.821,26087782
cap65-01,1788840250.8432155,100.0,2900.368,2499.996875,26087840
cap65-01,1788840251.3803425,98.0,3097.0,2778.282625,26087906
cap65-01,1788840251.9160154,100.0,3100.014166666667,2600.15,26087964
cap65-01,1788840252.44611,100.0,1652.7330833333333,667.773875,26088018
