leg,query,try,wall_s,cpu_s,busy_cores,gc_count,gc_pause_s
baseline-01,0,1,0.039,0.1,1.8,0,0.0
baseline-01,0,2,0.002,0.0,6.4,0,0.0
baseline-01,0,3,0.001,0.0,0.0,0,0.0
baseline-01,1,1,0.376,4.2,11.2,0,0.0
baseline-01,1,2,0.032,0.2,7.4,0,0.0
baseline-01,1,3,0.029,0.2,7.3,0,0.0
baseline-01,2,1,0.342,4.4,13.0,0,0.0
baseline-01,2,2,0.079,1.0,12.7,0,0.0
baseline-01,2,3,0.061,0.6,10.5,0,0.0
baseline-01,3,1,0.609,6.5,10.7,1,0.07
baseline-01,3,2,0.032,0.3,10.5,0,0.0
baseline-01,3,3,0.087,1.4,16.5,0,0.0
baseline-01,4,1,0.505,7.1,14.1,4,0.12
baseline-01,4,2,0.34,4.4,12.9,0,0.0
baseline-01,4,3,0.294,3.7,12.7,0,0.0
baseline-01,5,1,1.906,26.0,13.6,5,0.1
baseline-01,5,2,0.686,6.5,9.5,1,0.01
baseline-01,5,3,0.638,6.2,9.7,2,0.03
baseline-01,6,1,0.037,0.2,5.5,1,0.0
baseline-01,6,2,0.022,0.1,5.9,0,0.0
baseline-01,6,3,0.02,0.1,5.0,1,0.0
baseline-01,7,1,0.235,2.0,8.5,0,0.0
baseline-01,7,2,0.094,1.0,10.3,0,0.0
baseline-01,7,3,0.088,0.9,10.2,0,0.0
baseline-01,8,1,1.59,23.8,15.0,5,0.13
baseline-01,8,2,0.637,9.8,15.3,1,0.02
baseline-01,8,3,0.617,9.1,14.7,0,0.0
baseline-01,9,1,1.032,16.0,15.5,4,0.09
baseline-01,9,2,0.778,11.5,14.7,1,0.03
baseline-01,9,3,0.693,10.8,15.5,0,0.0
baseline-01,10,1,1.518,15.6,10.2,5,0.22
baseline-01,10,2,0.445,4.0,8.9,2,0.12
baseline-01,10,3,0.239,1.7,7.1,2,0.0
baseline-01,11,1,2.377,20.1,8.4,3,0.18
baseline-01,11,2,0.26,2.0,7.7,2,0.0
baseline-01,11,3,0.239,1.6,6.7,1,0.02
baseline-01,12,1,2.154,24.5,11.4,4,0.11
baseline-01,12,2,0.745,9.4,12.6,1,0.03
baseline-01,12,3,0.736,9.5,12.9,1,0.03
baseline-01,13,1,2.975,31.1,10.4,8,0.45
baseline-01,13,2,2.728,33.4,12.2,13,0.51
baseline-01,13,3,2.376,26.6,11.2,9,0.39
baseline-01,14,1,2.551,39.0,15.3,6,0.11
baseline-01,14,2,1.005,13.4,13.3,2,0.1
baseline-01,14,3,0.974,13.5,13.9,4,0.05
baseline-01,15,1,1.202,20.9,17.4,1,0.11
baseline-01,15,2,0.42,8.0,19.1,0,0.0
baseline-01,15,3,0.428,7.9,18.5,0,0.0
baseline-01,16,1,4.461,66.5,14.9,8,0.27
baseline-01,16,2,2.1,28.3,13.5,1,0.02
baseline-01,16,3,2.119,29.1,13.7,4,0.05
baseline-01,17,1,0.24,3.1,12.9,0,0.0
baseline-01,17,2,0.047,0.3,5.3,0,0.0
baseline-01,17,3,0.056,0.3,4.7,0,0.0
baseline-01,18,1,8.213,125.7,15.3,10,0.34
baseline-01,18,2,4.16,64.6,15.5,2,0.24
baseline-01,18,3,4.0,64.1,16.0,3,0.01
baseline-01,19,1,0.031,0.0,1.0,0,0.0
baseline-01,19,2,0.013,0.0,2.4,0,0.0
baseline-01,19,3,0.012,0.0,2.5,0,0.0
baseline-01,20,1,2.925,27.8,9.5,6,0.09
baseline-01,20,2,0.036,0.5,12.4,0,0.0
baseline-01,20,3,0.024,0.4,16.3,0,0.0
baseline-01,21,1,0.37,3.4,9.1,0,0.0
baseline-01,21,2,0.287,3.3,11.6,0,0.0
baseline-01,21,3,0.194,2.6,13.4,0,0.0
baseline-01,22,1,8.489,28.2,3.3,6,0.12
baseline-01,22,2,0.479,2.7,5.7,0,0.0
baseline-01,22,3,0.328,2.8,8.6,0,0.0
baseline-01,23,1,0.769,3.9,5.1,0,0.0
baseline-01,23,2,0.129,0.4,3.3,0,0.0
baseline-01,23,3,0.126,0.4,3.1,0,0.0
baseline-01,24,1,0.112,0.2,1.8,0,0.0
baseline-01,24,2,0.016,0.0,2.5,0,0.0
baseline-01,24,3,0.017,0.0,1.8,0,0.0
baseline-01,25,1,0.319,2.1,6.5,0,0.0
baseline-01,25,2,0.094,0.7,7.2,0,0.0
baseline-01,25,3,0.087,0.7,7.5,0,0.0
baseline-01,26,1,0.035,0.1,2.0,0,0.0
baseline-01,26,2,0.022,0.1,2.7,0,0.0
baseline-01,26,3,0.111,1.4,12.8,1,0.09
baseline-01,27,1,1.745,27.0,15.4,4,0.13
baseline-01,27,2,0.222,3.5,15.6,0,0.0
baseline-01,27,3,0.193,3.5,18.2,0,0.0
baseline-01,28,1,13.574,137.3,10.1,33,0.67
baseline-01,28,2,8.671,76.0,8.8,22,0.46
baseline-01,28,3,8.786,75.2,8.6,21,0.45
baseline-01,29,1,0.348,1.6,4.5,0,0.0
baseline-01,29,2,0.03,0.3,8.8,0,0.0
baseline-01,29,3,0.035,0.3,7.4,0,0.0
baseline-01,30,1,3.253,33.6,10.3,4,0.33
baseline-01,30,2,0.518,9.1,17.6,0,0.0
baseline-01,30,3,0.517,9.2,17.9,0,0.0
baseline-01,31,1,3.023,26.4,8.7,0,0.0
baseline-01,31,2,3.831,28.4,7.4,1,0.11
baseline-01,31,3,2.904,26.1,9.0,3,0.06
baseline-01,32,1,9.666,144.7,15.0,6,0.42
baseline-01,32,2,6.847,126.3,18.4,0,0.0
baseline-01,32,3,6.875,125.8,18.3,0,0.0
baseline-01,33,1,3.444,39.8,11.6,8,0.14
baseline-01,33,2,2.381,32.2,13.5,6,0.13
baseline-01,33,3,2.304,31.4,13.6,5,0.1
baseline-01,34,1,2.272,30.7,13.5,5,0.08
baseline-01,34,2,2.19,29.8,13.6,2,0.04
baseline-01,34,3,2.267,30.5,13.5,4,0.07
baseline-01,35,1,0.802,15.5,19.3,0,0.0
baseline-01,35,2,0.415,7.7,18.6,0,0.0
baseline-01,35,3,0.411,7.7,18.7,0,0.0
baseline-01,36,1,0.265,2.1,8.1,0,0.0
baseline-01,36,2,0.071,0.4,5.6,0,0.0
baseline-01,36,3,0.063,0.3,5.3,0,0.0
baseline-01,37,1,0.876,3.2,3.6,0,0.0
baseline-01,37,2,0.045,0.3,5.6,0,0.0
baseline-01,37,3,0.042,0.2,4.8,0,0.0
baseline-01,38,1,0.352,2.3,6.6,0,0.0
baseline-01,38,2,0.035,0.2,6.2,0,0.0
baseline-01,38,3,0.041,0.3,6.3,0,0.0
baseline-01,39,1,0.657,6.8,10.4,1,0.08
baseline-01,39,2,0.34,4.3,12.7,3,0.04
baseline-01,39,3,0.246,2.5,10.3,0,0.0
baseline-01,40,1,0.116,0.5,4.0,0,0.0
baseline-01,40,2,0.035,0.2,6.3,0,0.0
baseline-01,40,3,0.035,0.2,6.7,0,0.0
baseline-01,41,1,0.075,0.3,4.0,0,0.0
baseline-01,41,2,0.05,0.3,5.0,0,0.0
baseline-01,41,3,0.044,0.2,5.0,0,0.0
baseline-01,42,1,0.345,2.0,5.8,0,0.0
baseline-01,42,2,0.041,0.3,6.9,0,0.0
baseline-01,42,3,0.041,0.3,6.4,0,0.0
baseline-02,0,1,0.055,0.1,1.4,0,0.0
baseline-02,0,2,0.002,0.0,0.0,0,0.0
baseline-02,0,3,0.002,0.0,0.0,0,0.0
baseline-02,1,1,0.406,5.0,12.3,0,0.0
baseline-02,1,2,0.041,0.4,8.7,0,0.0
baseline-02,1,3,0.035,0.3,8.3,0,0.0
baseline-02,2,1,0.287,3.8,13.1,0,0.0
baseline-02,2,2,0.086,1.2,13.3,0,0.0
baseline-02,2,3,0.052,0.6,10.7,0,0.0
baseline-02,3,1,0.995,8.5,8.5,1,0.07
baseline-02,3,2,0.144,2.5,17.4,0,0.0
baseline-02,3,3,0.035,0.3,8.8,0,0.0
baseline-02,4,1,0.556,8.0,14.5,4,0.15
baseline-02,4,2,0.345,4.6,13.3,0,0.0
baseline-02,4,3,0.312,3.9,12.6,0,0.0
baseline-02,5,1,2.471,30.5,12.3,5,0.13
baseline-02,5,2,0.765,7.6,9.9,1,0.02
baseline-02,5,3,0.699,7.3,10.4,2,0.03
baseline-02,6,1,0.029,0.2,5.9,0,0.0
baseline-02,6,2,0.019,0.1,6.3,1,0.0
baseline-02,6,3,0.016,0.1,6.3,0,0.0
baseline-02,7,1,0.216,2.2,10.1,1,0.0
baseline-02,7,2,0.033,0.3,9.8,0,0.0
baseline-02,7,3,0.031,0.4,12.7,0,0.0
baseline-02,8,1,1.675,25.6,15.3,5,0.12
baseline-02,8,2,0.688,10.7,15.6,1,0.02
baseline-02,8,3,0.642,9.6,14.9,0,0.0
baseline-02,9,1,1.116,17.2,15.4,4,0.1
baseline-02,9,2,0.762,11.5,15.1,0,0.0
baseline-02,9,3,0.748,11.7,15.6,1,0.02
baseline-02,10,1,2.041,16.0,7.8,3,0.25
baseline-02,10,2,0.377,2.8,7.5,2,0.04
baseline-02,10,3,0.298,2.1,7.1,2,0.05
baseline-02,11,1,1.39,17.0,12.2,5,0.19
baseline-02,11,2,0.263,2.1,7.8,2,0.0
baseline-02,11,3,0.246,1.7,6.8,1,0.02
baseline-02,12,1,1.869,21.9,11.7,4,0.11
baseline-02,12,2,0.765,9.9,12.9,1,0.03
baseline-02,12,3,0.787,10.0,12.7,1,0.03
baseline-02,13,1,2.749,31.4,11.4,8,0.44
baseline-02,13,2,3.0,36.4,12.1,10,0.79
baseline-02,13,3,2.63,28.2,10.7,9,0.48
baseline-02,14,1,2.098,32.2,15.4,6,0.11
baseline-02,14,2,0.984,13.3,13.5,2,0.08
baseline-02,14,3,1.007,14.0,13.9,4,0.05
baseline-02,15,1,1.346,23.7,17.6,1,0.11
baseline-02,15,2,0.427,8.0,18.7,0,0.0
baseline-02,15,3,0.432,8.1,18.7,0,0.0
baseline-02,16,1,3.851,55.6,14.4,8,0.27
baseline-02,16,2,2.062,28.6,13.9,1,0.02
baseline-02,16,3,2.111,29.2,13.8,4,0.04
baseline-02,17,1,0.232,3.2,14.0,0,0.0
baseline-02,17,2,0.049,0.3,5.3,0,0.0
baseline-02,17,3,0.044,0.2,5.2,0,0.0
baseline-02,18,1,6.968,107.9,15.5,10,0.34
baseline-02,18,2,4.179,66.9,16.0,2,0.22
baseline-02,18,3,4.022,65.5,16.3,3,0.02
baseline-02,19,1,0.03,0.0,1.0,0,0.0
baseline-02,19,2,0.01,0.0,3.0,0,0.0
baseline-02,19,3,0.01,0.0,2.0,0,0.0
baseline-02,20,1,2.415,22.5,9.3,6,0.1
baseline-02,20,2,0.038,0.5,12.5,0,0.0
baseline-02,20,3,0.029,0.4,15.0,0,0.0
baseline-02,21,1,0.283,2.7,9.6,0,0.0
baseline-02,21,2,0.193,2.4,12.6,0,0.0
baseline-02,21,3,0.191,2.7,14.0,0,0.0
baseline-02,22,1,8.023,31.5,3.9,6,0.12
baseline-02,22,2,0.367,2.7,7.2,0,0.0
baseline-02,22,3,0.346,2.8,8.1,0,0.0
baseline-02,23,1,0.544,3.8,7.0,0,0.0
baseline-02,23,2,0.141,0.5,3.3,0,0.0
baseline-02,23,3,0.156,0.5,2.9,0,0.0
baseline-02,24,1,0.101,0.2,1.9,0,0.0
baseline-02,24,2,0.017,0.0,2.3,0,0.0
baseline-02,24,3,0.017,0.1,2.9,0,0.0
baseline-02,25,1,0.306,2.3,7.5,0,0.0
baseline-02,25,2,0.147,1.3,8.8,0,0.0
baseline-02,25,3,0.095,0.7,7.1,0,0.0
baseline-02,26,1,0.039,0.1,2.1,0,0.0
baseline-02,26,2,0.02,0.1,2.5,0,0.0
baseline-02,26,3,0.021,0.1,2.4,0,0.0
baseline-02,27,1,2.019,32.5,16.1,4,0.19
baseline-02,27,2,0.21,3.6,16.9,0,0.0
baseline-02,27,3,0.196,3.6,18.4,0,0.0
baseline-02,28,1,17.69,175.0,9.9,31,0.78
baseline-02,28,2,10.535,86.7,8.2,27,0.55
baseline-02,28,3,10.329,87.4,8.5,26,0.58
baseline-02,29,1,0.882,3.1,3.5,0,0.0
baseline-02,29,2,0.037,0.3,8.7,0,0.0
baseline-02,29,3,0.031,0.3,10.5,0,0.0
baseline-02,30,1,2.99,29.8,10.0,4,0.31
baseline-02,30,2,0.518,9.3,17.9,0,0.0
baseline-02,30,3,0.526,9.4,17.9,0,0.0
baseline-02,31,1,3.668,28.4,7.8,0,0.0
baseline-02,31,2,4.191,32.4,7.7,1,0.13
baseline-02,31,3,3.575,29.1,8.1,3,0.07
baseline-02,32,1,10.673,154.9,14.5,5,0.26
baseline-02,32,2,7.25,132.2,18.2,1,0.23
baseline-02,32,3,7.207,127.2,17.6,0,0.0
baseline-02,33,1,3.631,41.9,11.5,10,0.16
baseline-02,33,2,2.366,32.9,13.9,6,0.13
baseline-02,33,3,2.274,31.0,13.6,4,0.05
baseline-02,34,1,2.284,31.5,13.8,4,0.06
baseline-02,34,2,2.263,31.6,14.0,5,0.08
baseline-02,34,3,2.271,31.2,13.7,5,0.08
baseline-02,35,1,0.714,13.4,18.7,0,0.0
baseline-02,35,2,0.417,7.7,18.5,0,0.0
baseline-02,35,3,0.414,7.7,18.5,0,0.0
baseline-02,36,1,0.261,2.2,8.4,0,0.0
baseline-02,36,2,0.066,0.4,5.9,0,0.0
baseline-02,36,3,0.065,0.4,5.7,0,0.0
baseline-02,37,1,1.339,3.6,2.7,0,0.0
baseline-02,37,2,0.043,0.2,5.1,0,0.0
baseline-02,37,3,0.042,0.2,5.0,0,0.0
baseline-02,38,1,0.824,2.7,3.3,0,0.0
baseline-02,38,2,0.041,0.3,6.4,0,0.0
baseline-02,38,3,0.044,0.3,5.9,0,0.0
baseline-02,39,1,0.465,4.6,10.0,0,0.0
baseline-02,39,2,0.425,5.0,11.8,1,0.06
baseline-02,39,3,0.389,4.2,10.9,0,0.0
baseline-02,40,1,0.095,0.5,4.7,0,0.0
baseline-02,40,2,0.029,0.2,6.3,0,0.0
baseline-02,40,3,0.03,0.2,5.9,0,0.0
baseline-02,41,1,0.065,0.3,3.9,0,0.0
baseline-02,41,2,0.041,0.2,4.1,0,0.0
baseline-02,41,3,0.043,0.2,4.6,0,0.0
baseline-02,42,1,0.461,2.1,4.5,0,0.0
baseline-02,42,2,0.036,0.2,6.7,0,0.0
baseline-02,42,3,0.035,0.2,5.2,0,0.0
baseline-03,0,1,0.052,0.1,1.5,0,0.0
baseline-03,0,2,0.002,0.0,6.5,0,0.0
baseline-03,0,3,0.001,0.0,0.0,0,0.0
baseline-03,1,1,0.451,5.5,12.1,0,0.0
baseline-03,1,2,0.041,0.3,8.1,0,0.0
baseline-03,1,3,0.03,0.3,8.2,0,0.0
baseline-03,2,1,0.293,3.5,11.9,0,0.0
baseline-03,2,2,0.067,0.8,12.0,0,0.0
baseline-03,2,3,0.037,0.3,8.6,0,0.0
baseline-03,3,1,1.29,8.9,6.9,1,0.07
baseline-03,3,2,0.115,1.9,16.1,0,0.0
baseline-03,3,3,0.031,0.4,11.2,0,0.0
baseline-03,4,1,0.568,8.1,14.2,4,0.17
baseline-03,4,2,0.338,4.8,14.1,0,0.0
baseline-03,4,3,0.286,3.8,13.4,0,0.0
baseline-03,5,1,2.344,28.2,12.0,5,0.13
baseline-03,5,2,0.781,7.9,10.1,1,0.01
baseline-03,5,3,0.711,7.3,10.2,2,0.04
baseline-03,6,1,0.037,0.2,5.7,0,0.0
baseline-03,6,2,0.021,0.1,5.7,1,0.0
baseline-03,6,3,0.019,0.1,6.3,0,0.0
baseline-03,7,1,0.226,2.1,9.1,1,0.0
baseline-03,7,2,0.036,0.3,9.5,0,0.0
baseline-03,7,3,0.014,0.1,10.2,0,0.0
baseline-03,8,1,1.796,23.3,13.0,5,0.14
baseline-03,8,2,0.694,10.0,14.4,1,0.01
baseline-03,8,3,0.86,9.7,11.3,0,0.0
baseline-03,9,1,1.298,16.9,13.0,4,0.12
baseline-03,9,2,0.898,12.0,13.3,0,0.0
baseline-03,9,3,0.885,11.9,13.4,1,0.01
baseline-03,10,1,2.587,19.1,7.4,4,0.25
baseline-03,10,2,0.439,2.5,5.8,2,0.04
baseline-03,10,3,0.437,2.4,5.5,2,0.06
baseline-03,11,1,2.045,21.8,10.7,4,0.15
baseline-03,11,2,0.406,3.5,8.6,2,0.11
baseline-03,11,3,0.3,2.0,6.8,2,0.0
baseline-03,12,1,2.103,24.3,11.6,5,0.14
baseline-03,12,2,0.833,10.0,12.0,1,0.02
baseline-03,12,3,0.88,10.5,11.9,1,0.04
baseline-03,13,1,3.272,32.4,9.9,8,0.46
baseline-03,13,2,3.236,34.8,10.8,10,0.57
baseline-03,13,3,3.211,36.2,11.3,13,0.73
baseline-03,14,1,2.136,30.2,14.1,6,0.17
baseline-03,14,2,1.065,12.9,12.1,0,0.0
baseline-03,14,3,1.008,12.6,12.5,1,0.01
baseline-03,15,1,1.375,20.7,15.0,1,0.04
baseline-03,15,2,0.431,8.3,19.2,0,0.0
baseline-03,15,3,0.434,8.3,19.2,0,0.0
baseline-03,16,1,4.226,60.0,14.2,5,0.27
baseline-03,16,2,2.165,30.2,13.9,3,0.05
baseline-03,16,3,2.13,29.2,13.7,2,0.06
baseline-03,17,1,0.199,2.4,12.1,0,0.0
baseline-03,17,2,0.043,0.3,7.0,0,0.0
baseline-03,17,3,0.059,0.4,6.7,0,0.0
baseline-03,18,1,7.08,99.7,14.1,9,0.3
baseline-03,18,2,4.339,69.9,16.1,2,0.21
baseline-03,18,3,4.417,72.3,16.4,3,0.01
baseline-03,19,1,0.039,0.1,1.6,0,0.0
baseline-03,19,2,0.014,0.0,2.1,0,0.0
baseline-03,19,3,0.013,0.0,1.5,0,0.0
baseline-03,20,1,3.277,34.3,10.5,6,0.1
baseline-03,20,2,0.032,0.4,11.9,0,0.0
baseline-03,20,3,0.029,0.4,12.7,0,0.0
baseline-03,21,1,0.494,3.8,7.6,0,0.0
baseline-03,21,2,0.403,4.8,12.0,0,0.0
baseline-03,21,3,0.4,5.1,12.7,0,0.0
baseline-03,22,1,12.117,40.9,3.4,6,0.12
baseline-03,22,2,0.663,3.8,5.7,0,0.0
baseline-03,22,3,0.834,8.3,10.0,3,0.13
baseline-03,23,1,1.025,7.9,7.7,0,0.0
baseline-03,23,2,0.203,0.6,3.1,0,0.0
baseline-03,23,3,0.182,0.5,2.9,0,0.0
baseline-03,24,1,0.135,0.3,2.0,0,0.0
baseline-03,24,2,0.025,0.1,2.0,0,0.0
baseline-03,24,3,0.026,0.1,2.0,0,0.0
baseline-03,25,1,0.555,4.8,8.6,0,0.0
baseline-03,25,2,0.14,0.9,6.5,0,0.0
baseline-03,25,3,0.153,0.9,5.8,0,0.0
baseline-03,26,1,0.04,0.1,2.8,0,0.0
baseline-03,26,2,0.033,0.1,2.4,0,0.0
baseline-03,26,3,0.034,0.1,2.6,0,0.0
baseline-03,27,1,4.228,66.4,15.7,5,0.15
baseline-03,27,2,0.575,8.7,15.1,0,0.0
baseline-03,27,3,0.479,8.7,18.1,0,0.0
baseline-03,28,1,14.955,156.8,10.5,30,0.65
baseline-03,28,2,9.004,77.2,8.6,22,0.49
baseline-03,28,3,8.777,73.2,8.3,18,0.45
baseline-03,29,1,0.315,2.1,6.5,0,0.0
baseline-03,29,2,0.039,0.3,8.0,0,0.0
baseline-03,29,3,0.037,0.3,8.4,0,0.0
baseline-03,30,1,2.248,28.9,12.8,4,0.33
baseline-03,30,2,0.543,9.1,16.8,0,0.0
baseline-03,30,3,0.547,9.5,17.4,0,0.0
baseline-03,31,1,3.585,29.8,8.3,1,0.14
baseline-03,31,2,3.16,25.9,8.2,0,0.0
baseline-03,31,3,3.071,25.5,8.3,3,0.05
baseline-03,32,1,10.506,154.3,14.7,6,0.3
baseline-03,32,2,6.929,128.2,18.5,0,0.0
baseline-03,32,3,7.041,129.8,18.4,1,0.01
baseline-03,33,1,3.68,43.0,11.7,13,0.18
baseline-03,33,2,2.497,33.7,13.5,7,0.14
baseline-03,33,3,2.272,31.2,13.7,4,0.07
baseline-03,34,1,2.305,31.3,13.6,5,0.08
baseline-03,34,2,2.283,31.3,13.7,5,0.08
baseline-03,34,3,2.285,31.0,13.6,5,0.07
baseline-03,35,1,0.704,12.6,17.9,0,0.0
baseline-03,35,2,0.443,7.8,17.5,0,0.0
baseline-03,35,3,0.46,7.7,16.7,0,0.0
baseline-03,36,1,0.298,2.1,7.2,0,0.0
baseline-03,36,2,0.083,0.5,6.2,0,0.0
baseline-03,36,3,0.09,0.5,5.9,0,0.0
baseline-03,37,1,1.145,3.3,2.9,0,0.0
baseline-03,37,2,0.053,0.3,5.1,0,0.0
baseline-03,37,3,0.05,0.2,4.4,0,0.0
baseline-03,38,1,0.793,3.0,3.8,0,0.0
baseline-03,38,2,0.047,0.3,5.3,0,0.0
baseline-03,38,3,0.05,0.3,5.0,0,0.0
baseline-03,39,1,0.868,9.7,11.2,1,0.07
baseline-03,39,2,0.446,3.6,8.0,0,0.0
baseline-03,39,3,0.153,1.1,7.2,0,0.0
baseline-03,40,1,0.153,0.8,5.0,0,0.0
baseline-03,40,2,0.036,0.3,7.1,0,0.0
baseline-03,40,3,0.035,0.2,6.8,0,0.0
baseline-03,41,1,0.1,0.4,4.1,0,0.0
baseline-03,41,2,0.049,0.2,4.5,0,0.0
baseline-03,41,3,0.046,0.2,4.7,0,0.0
baseline-03,42,1,0.357,2.3,6.5,0,0.0
baseline-03,42,2,0.046,0.3,6.5,0,0.0
baseline-03,42,3,0.05,0.3,5.8,0,0.0
cool-01,0,1,0.05,0.1,1.8,0,0.0
cool-01,0,2,0.003,0.0,3.4,0,0.0
cool-01,0,3,0.002,0.0,5.9,0,0.0
cool-01,1,1,0.309,3.6,11.7,0,0.0
cool-01,1,2,0.039,0.4,10.1,0,0.0
cool-01,1,3,0.033,0.3,7.8,0,0.0
cool-01,2,1,0.251,3.1,12.5,0,0.0
cool-01,2,2,0.06,0.7,12.3,0,0.0
cool-01,2,3,0.036,0.3,9.1,0,0.0
cool-01,3,1,0.954,7.2,7.6,1,0.11
cool-01,3,2,0.085,1.3,15.6,0,0.0
cool-01,3,3,0.029,0.3,10.8,0,0.0
cool-01,4,1,0.374,5.0,13.4,0,0.0
cool-01,4,2,0.468,7.0,14.9,3,0.09
cool-01,4,3,0.276,3.6,13.1,0,0.0
cool-01,5,1,2.758,37.3,13.5,5,0.11
cool-01,5,2,0.716,7.5,10.4,1,0.01
cool-01,5,3,0.601,6.2,10.3,2,0.03
cool-01,6,1,0.044,0.3,6.1,1,0.0
cool-01,6,2,0.023,0.2,6.4,0,0.0
cool-01,6,3,0.022,0.1,2.7,1,0.0
cool-01,7,1,0.23,2.3,10.1,0,0.0
cool-01,7,2,0.034,0.4,10.9,0,0.0
cool-01,7,3,0.022,0.2,11.1,0,0.0
cool-01,8,1,1.667,23.1,13.8,5,0.12
cool-01,8,2,0.595,9.1,15.3,1,0.02
cool-01,8,3,0.602,8.8,14.6,0,0.0
cool-01,9,1,1.001,14.7,14.6,4,0.1
cool-01,9,2,0.753,11.0,14.6,1,0.03
cool-01,9,3,0.669,10.5,15.6,0,0.0
cool-01,10,1,1.79,14.7,8.2,5,0.2
cool-01,10,2,0.426,3.7,8.7,2,0.1
cool-01,10,3,0.241,1.6,6.8,2,0.0
cool-01,11,1,1.665,22.7,13.7,3,0.18
cool-01,11,2,0.249,1.8,7.0,2,0.0
cool-01,11,3,0.242,1.6,6.6,1,0.02
cool-01,12,1,1.555,21.2,13.6,4,0.11
cool-01,12,2,0.721,9.2,12.7,1,0.03
cool-01,12,3,0.736,9.1,12.3,1,0.02
cool-01,13,1,2.624,30.7,11.7,8,0.46
cool-01,13,2,2.708,33.3,12.3,14,0.52
cool-01,13,3,2.445,27.9,11.4,12,0.4
cool-01,14,1,1.959,29.5,15.0,6,0.11
cool-01,14,2,1.052,14.7,14.0,2,0.11
cool-01,14,3,0.884,12.2,13.8,3,0.02
cool-01,15,1,1.136,19.9,17.5,5,0.15
cool-01,15,2,0.456,8.3,18.2,1,0.03
cool-01,15,3,0.422,8.0,19.0,0,0.0
cool-01,16,1,3.981,58.4,14.7,6,0.23
cool-01,16,2,2.009,27.8,13.9,3,0.03
cool-01,16,3,2.005,27.8,13.9,1,0.01
cool-01,17,1,0.532,8.6,16.2,1,0.01
cool-01,17,2,0.045,0.3,6.7,0,0.0
cool-01,17,3,0.051,0.3,6.2,0,0.0
cool-01,18,1,6.492,98.1,15.1,6,0.46
cool-01,18,2,3.934,64.2,16.3,3,0.01
cool-01,18,3,4.008,63.7,15.9,1,0.01
cool-01,19,1,0.034,0.1,1.5,0,0.0
cool-01,19,2,0.016,0.0,1.8,0,0.0
cool-01,19,3,0.013,0.0,2.4,0,0.0
cool-01,20,1,2.547,20.6,8.1,6,0.09
cool-01,20,2,0.038,0.5,13.0,0,0.0
cool-01,20,3,0.035,0.4,12.7,0,0.0
cool-01,21,1,0.265,2.5,9.5,0,0.0
cool-01,21,2,0.22,2.4,10.9,0,0.0
cool-01,21,3,0.203,2.6,12.5,0,0.0
cool-01,22,1,6.908,24.4,3.5,5,0.11
cool-01,22,2,0.39,2.8,7.1,0,0.0
cool-01,22,3,0.341,2.9,8.4,0,0.0
cool-01,23,1,0.574,3.7,6.5,0,0.0
cool-01,23,2,0.149,0.5,3.2,0,0.0
cool-01,23,3,0.134,0.4,2.9,0,0.0
cool-01,24,1,0.105,0.2,1.8,0,0.0
cool-01,24,2,0.11,1.4,12.6,1,0.09
cool-01,24,3,0.026,0.2,6.1,0,0.0
cool-01,25,1,0.364,3.3,9.1,2,0.0
cool-01,25,2,0.103,0.8,7.9,0,0.0
cool-01,25,3,0.087,0.6,7.4,0,0.0
cool-01,26,1,0.037,0.1,1.9,0,0.0
cool-01,26,2,0.022,0.1,3.2,0,0.0
cool-01,26,3,0.02,0.1,2.5,0,0.0
cool-01,27,1,1.463,22.7,15.5,2,0.12
cool-01,27,2,0.227,3.8,16.6,0,0.0
cool-01,27,3,0.2,3.6,18.1,0,0.0
cool-01,28,1,15.198,181.1,11.9,31,0.68
cool-01,28,2,9.167,81.6,8.9,22,0.49
cool-01,28,3,9.108,78.7,8.6,20,0.45
cool-01,29,1,0.661,2.5,3.7,0,0.0
cool-01,29,2,0.033,0.3,8.4,0,0.0
cool-01,29,3,0.032,0.3,8.7,0,0.0
cool-01,30,1,2.524,28.8,11.4,4,0.34
cool-01,30,2,0.537,9.4,17.6,0,0.0
cool-01,30,3,0.546,9.3,17.0,0,0.0
cool-01,31,1,3.144,26.5,8.4,0,0.0
cool-01,31,2,2.982,26.0,8.7,1,0.14
cool-01,31,3,3.003,23.7,7.9,3,0.06
cool-01,32,1,10.429,154.3,14.8,6,0.53
cool-01,32,2,7.11,126.9,17.8,0,0.0
cool-01,32,3,7.097,129.2,18.2,3,0.01
cool-01,33,1,3.527,39.3,11.1,11,0.15
cool-01,33,2,2.623,33.6,12.8,7,0.16
cool-01,33,3,2.299,31.3,13.6,4,0.05
cool-01,34,1,2.249,31.0,13.8,5,0.07
cool-01,34,2,2.189,29.6,13.5,2,0.04
cool-01,34,3,2.265,30.9,13.7,4,0.08
cool-01,35,1,0.726,13.6,18.7,0,0.0
cool-01,35,2,0.405,7.6,18.7,0,0.0
cool-01,35,3,0.401,7.5,18.7,0,0.0
cool-01,36,1,0.244,1.7,7.0,0,0.0
cool-01,36,2,0.067,0.4,5.6,0,0.0
cool-01,36,3,0.066,0.4,6.0,0,0.0
cool-01,37,1,0.81,2.8,3.5,0,0.0
cool-01,37,2,0.04,0.2,5.5,0,0.0
cool-01,37,3,0.042,0.2,5.2,0,0.0
cool-01,38,1,0.722,2.8,3.8,0,0.0
cool-01,38,2,0.038,0.2,6.4,0,0.0
cool-01,38,3,0.041,0.3,6.9,0,0.0
cool-01,39,1,0.541,5.9,11.0,0,0.0
cool-01,39,2,0.493,6.5,13.1,4,0.12
cool-01,39,3,0.378,4.3,11.4,0,0.0
cool-01,40,1,0.135,0.5,3.8,0,0.0
cool-01,40,2,0.031,0.2,6.4,0,0.0
cool-01,40,3,0.03,0.2,5.9,0,0.0
cool-01,41,1,0.085,0.3,3.8,0,0.0
cool-01,41,2,0.049,0.2,4.3,0,0.0
cool-01,41,3,0.042,0.2,5.0,0,0.0
cool-01,42,1,0.362,2.3,6.3,0,0.0
cool-01,42,2,0.049,0.3,5.9,0,0.0
cool-01,42,3,0.043,0.3,6.5,0,0.0
cool-02,0,1,0.05,0.1,1.8,0,0.0
cool-02,0,2,0.002,0.0,0.0,0,0.0
cool-02,0,3,0.001,0.0,9.7,0,0.0
cool-02,1,1,0.344,3.9,11.3,0,0.0
cool-02,1,2,0.029,0.2,7.6,0,0.0
cool-02,1,3,0.028,0.2,6.5,0,0.0
cool-02,2,1,0.32,3.7,11.7,1,0.06
cool-02,2,2,0.056,0.7,11.6,0,0.0
cool-02,2,3,0.034,0.3,9.9,0,0.0
cool-02,3,1,1.169,9.1,7.7,1,0.15
cool-02,3,2,0.103,1.5,14.3,0,0.0
cool-02,3,3,0.043,0.6,13.1,0,0.0
cool-02,4,1,0.433,6.1,14.2,3,0.04
cool-02,4,2,0.351,4.7,13.4,0,0.0
cool-02,4,3,0.276,3.6,13.0,0,0.0
cool-02,5,1,2.603,33.9,13.0,5,0.1
cool-02,5,2,0.703,6.9,9.9,1,0.01
cool-02,5,3,0.629,6.2,9.9,2,0.02
cool-02,6,1,0.051,0.3,5.3,1,0.0
cool-02,6,2,0.03,0.2,5.7,1,0.0
cool-02,6,3,0.028,0.1,2.2,0,0.0
cool-02,7,1,0.22,2.0,8.9,0,0.0
cool-02,7,2,0.029,0.3,10.3,0,0.0
cool-02,7,3,0.026,0.3,9.7,0,0.0
cool-02,8,1,1.835,25.1,13.7,5,0.13
cool-02,8,2,0.61,9.3,15.2,1,0.02
cool-02,8,3,0.614,8.9,14.5,0,0.0
cool-02,9,1,0.99,14.9,15.0,4,0.09
cool-02,9,2,0.779,11.3,14.5,1,0.05
cool-02,9,3,0.69,10.7,15.5,0,0.0
cool-02,10,1,1.741,16.5,9.5,5,0.22
cool-02,10,2,0.364,2.8,7.8,2,0.1
cool-02,10,3,0.267,1.7,6.2,2,0.0
cool-02,11,1,1.393,17.9,12.8,3,0.18
cool-02,11,2,0.252,2.0,7.9,2,0.0
cool-02,11,3,0.246,1.5,6.3,1,0.02
cool-02,12,1,1.681,22.0,13.1,4,0.12
cool-02,12,2,0.819,9.5,11.5,1,0.03
cool-02,12,3,0.798,9.5,11.9,1,0.03
cool-02,13,1,2.71,31.5,11.6,8,0.47
cool-02,13,2,3.179,37.5,11.8,10,0.82
cool-02,13,3,2.5,27.3,10.9,8,0.4
cool-02,14,1,2.49,39.3,15.8,6,0.13
cool-02,14,2,1.034,13.9,13.4,3,0.13
cool-02,14,3,0.949,13.5,14.2,4,0.04
cool-02,15,1,1.012,17.3,17.1,1,0.11
cool-02,15,2,0.428,8.0,18.6,0,0.0
cool-02,15,3,0.437,7.9,18.1,0,0.0
cool-02,16,1,5.049,78.3,15.5,8,0.27
cool-02,16,2,2.045,27.7,13.5,1,0.02
cool-02,16,3,2.072,28.8,13.9,4,0.04
cool-02,17,1,0.385,5.9,15.3,0,0.0
cool-02,17,2,0.055,0.3,5.8,0,0.0
cool-02,17,3,0.048,0.3,5.8,0,0.0
cool-02,18,1,6.673,104.2,15.6,7,0.31
cool-02,18,2,4.174,66.2,15.9,5,0.25
cool-02,18,3,3.946,63.2,16.0,3,0.01
cool-02,19,1,0.02,0.0,2.0,0,0.0
cool-02,19,2,0.016,0.0,2.5,0,0.0
cool-02,19,3,0.013,0.0,1.6,0,0.0
cool-02,20,1,1.965,24.1,12.3,6,0.1
cool-02,20,2,0.038,0.5,13.5,0,0.0
cool-02,20,3,0.038,0.5,11.9,0,0.0
cool-02,21,1,0.273,2.7,9.7,0,0.0
cool-02,21,2,0.182,2.4,13.2,0,0.0
cool-02,21,3,0.213,2.7,12.8,0,0.0
cool-02,22,1,6.687,28.4,4.2,6,0.12
cool-02,22,2,0.498,5.4,10.8,3,0.11
cool-02,22,3,0.364,3.2,8.7,0,0.0
cool-02,23,1,0.619,3.6,5.8,0,0.0
cool-02,23,2,0.157,0.5,3.1,0,0.0
cool-02,23,3,0.16,0.5,3.1,0,0.0
cool-02,24,1,0.098,0.2,1.8,0,0.0
cool-02,24,2,0.035,0.1,2.3,0,0.0
cool-02,24,3,0.018,0.0,2.2,0,0.0
cool-02,25,1,0.308,2.2,7.2,0,0.0
cool-02,25,2,0.151,1.5,9.8,1,0.06
cool-02,25,3,0.084,0.5,6.0,0,0.0
cool-02,26,1,0.039,0.1,2.0,0,0.0
cool-02,26,2,0.022,0.1,2.3,0,0.0
cool-02,26,3,0.021,0.1,2.4,0,0.0
cool-02,27,1,1.569,24.4,15.5,4,0.08
cool-02,27,2,0.232,3.7,15.8,0,0.0
cool-02,27,3,0.2,3.6,17.8,0,0.0
cool-02,28,1,12.756,134.7,10.6,30,0.68
cool-02,28,2,8.925,80.0,9.0,22,0.47
cool-02,28,3,8.759,76.7,8.8,21,0.43
cool-02,29,1,0.837,2.9,3.5,0,0.0
cool-02,29,2,0.035,0.3,8.5,0,0.0
cool-02,29,3,0.032,0.3,9.1,0,0.0
cool-02,30,1,3.591,43.3,12.1,4,0.36
cool-02,30,2,0.536,9.4,17.6,0,0.0
cool-02,30,3,0.535,9.4,17.5,0,0.0
cool-02,31,1,3.236,27.3,8.4,0,0.0
cool-02,31,2,3.322,28.1,8.5,1,0.13
cool-02,31,3,2.957,24.9,8.4,3,0.05
cool-02,32,1,10.401,154.6,14.9,5,0.3
cool-02,32,2,6.865,124.6,18.1,1,0.01
cool-02,32,3,6.835,125.5,18.4,0,0.0
cool-02,33,1,3.558,41.0,11.5,12,0.24
cool-02,33,2,2.429,33.6,13.8,10,0.12
cool-02,33,3,2.323,31.9,13.7,5,0.07
cool-02,34,1,2.375,31.6,13.3,5,0.07
cool-02,34,2,2.236,30.3,13.6,2,0.05
cool-02,34,3,2.235,31.1,13.9,4,0.07
cool-02,35,1,0.678,12.4,18.2,0,0.0
cool-02,35,2,0.393,7.5,19.0,0,0.0
cool-02,35,3,0.391,7.4,18.9,0,0.0
cool-02,36,1,0.28,2.2,7.9,0,0.0
cool-02,36,2,0.103,0.5,5.2,0,0.0
cool-02,36,3,0.088,0.5,5.3,0,0.0
cool-02,37,1,0.923,3.1,3.3,0,0.0
cool-02,37,2,0.054,0.3,5.9,0,0.0
cool-02,37,3,0.053,0.3,6.4,0,0.0
cool-02,38,1,0.573,2.6,4.5,0,0.0
cool-02,38,2,0.04,0.3,7.0,0,0.0
cool-02,38,3,0.04,0.2,6.1,0,0.0
cool-02,39,1,0.782,9.3,11.9,4,0.11
cool-02,39,2,0.368,4.0,10.9,0,0.0
cool-02,39,3,0.323,3.5,10.7,0,0.0
cool-02,40,1,0.14,0.6,4.0,0,0.0
cool-02,40,2,0.037,0.3,6.8,0,0.0
cool-02,40,3,0.038,0.2,6.3,0,0.0
cool-02,41,1,0.101,0.4,4.0,0,0.0
cool-02,41,2,0.048,0.3,5.6,0,0.0
cool-02,41,3,0.048,0.3,5.4,0,0.0
cool-02,42,1,0.407,2.9,7.1,1,0.05
cool-02,42,2,0.043,0.3,6.5,0,0.0
cool-02,42,3,0.042,0.3,6.2,0,0.0
cap65-01,0,1,0.053,0.1,2.3,0,0.0
cap65-01,0,2,0.002,0.0,5.5,0,0.0
cap65-01,0,3,0.001,0.0,0.0,0,0.0
cap65-01,1,1,0.369,4.3,11.6,0,0.0
cap65-01,1,2,0.042,0.3,8.1,0,0.0
cap65-01,1,3,0.036,0.3,7.0,0,0.0
cap65-01,2,1,0.271,3.0,10.9,0,0.0
cap65-01,2,2,0.072,0.7,10.0,0,0.0
cap65-01,2,3,0.045,0.3,6.7,0,0.0
cap65-01,3,1,1.092,7.8,7.2,1,0.11
cap65-01,3,2,0.108,1.6,14.8,0,0.0
cap65-01,3,3,0.037,0.3,8.8,0,0.0
cap65-01,4,1,0.395,5.3,13.5,0,0.0
cap65-01,4,2,0.465,6.8,14.7,3,0.1
cap65-01,4,3,0.283,3.7,12.9,0,0.0
cap65-01,5,1,2.287,26.0,11.4,5,0.12
cap65-01,5,2,0.714,7.1,9.9,1,0.01
cap65-01,5,3,0.681,6.7,9.8,2,0.03
cap65-01,6,1,0.056,0.3,5.5,1,0.0
cap65-01,6,2,0.033,0.2,4.8,1,0.0
cap65-01,6,3,0.032,0.1,1.9,0,0.0
cap65-01,7,1,0.253,2.1,8.4,0,0.0
cap65-01,7,2,0.107,1.1,9.9,0,0.0
cap65-01,7,3,0.062,0.8,12.6,0,0.0
cap65-01,8,1,1.771,23.5,13.3,5,0.13
cap65-01,8,2,0.655,9.4,14.3,1,0.02
cap65-01,8,3,0.657,9.1,13.8,0,0.0
cap65-01,9,1,1.117,15.7,14.0,4,0.1
cap65-01,9,2,0.818,11.3,13.8,1,0.03
cap65-01,9,3,0.745,10.6,14.2,0,0.0
cap65-01,10,1,1.581,13.6,8.6,5,0.2
cap65-01,10,2,0.456,4.1,9.0,2,0.11
cap65-01,10,3,0.329,2.0,6.1,2,0.0
cap65-01,11,1,1.531,16.3,10.6,3,0.2
cap65-01,11,2,0.288,2.4,8.2,2,0.0
cap65-01,11,3,0.249,1.6,6.4,1,0.02
cap65-01,12,1,1.834,20.9,11.4,4,0.11
cap65-01,12,2,0.78,9.5,12.2,1,0.03
cap65-01,12,3,0.819,10.5,12.9,4,0.05
cap65-01,13,1,2.964,31.2,10.5,7,0.49
cap65-01,13,2,2.485,28.4,11.4,10,0.42
cap65-01,13,3,2.635,30.0,11.4,9,0.42
cap65-01,14,1,2.436,37.8,15.5,6,0.09
cap65-01,14,2,1.283,17.6,13.7,3,0.15
cap65-01,14,3,1.021,13.7,13.4,4,0.03
cap65-01,15,1,1.046,17.7,16.9,1,0.13
cap65-01,15,2,0.438,8.0,18.1,0,0.0
cap65-01,15,3,0.438,7.9,18.1,0,0.0
cap65-01,16,1,4.741,70.9,15.0,8,0.27
cap65-01,16,2,2.064,27.4,13.3,1,0.02
cap65-01,16,3,2.111,28.8,13.7,4,0.05
cap65-01,17,1,0.19,2.4,12.7,0,0.0
cap65-01,17,2,0.055,0.3,6.0,0,0.0
cap65-01,17,3,0.048,0.3,6.5,0,0.0
cap65-01,18,1,7.559,120.0,15.9,7,0.31
cap65-01,18,2,4.118,66.7,16.2,5,0.26
cap65-01,18,3,3.9,63.1,16.2,3,0.02
cap65-01,19,1,0.037,0.1,1.3,0,0.0
cap65-01,19,2,0.016,0.0,1.8,0,0.0
cap65-01,19,3,0.014,0.0,2.8,0,0.0
cap65-01,20,1,2.412,19.3,8.0,6,0.1
cap65-01,20,2,0.033,0.4,12.8,0,0.0
cap65-01,20,3,0.027,0.3,12.2,0,0.0
cap65-01,21,1,0.288,3.6,12.3,0,0.0
cap65-01,21,2,0.19,2.4,12.8,0,0.0
cap65-01,21,3,0.218,2.9,13.5,0,0.0
cap65-01,22,1,7.335,29.6,4.0,6,0.12
cap65-01,22,2,0.75,4.8,6.4,3,0.12
cap65-01,22,3,0.346,2.6,7.4,0,0.0
cap65-01,23,1,0.608,3.9,6.3,0,0.0
cap65-01,23,2,0.141,0.4,3.0,0,0.0
cap65-01,23,3,0.123,0.4,2.9,0,0.0
cap65-01,24,1,0.151,0.3,1.8,0,0.0
cap65-01,24,2,0.025,0.1,2.4,0,0.0
cap65-01,24,3,0.021,0.1,2.3,0,0.0
cap65-01,25,1,0.337,2.4,7.2,0,0.0
cap65-01,25,2,0.151,1.5,9.8,1,0.06
cap65-01,25,3,0.094,0.7,6.9,0,0.0
cap65-01,26,1,0.039,0.1,2.1,0,0.0
cap65-01,26,2,0.025,0.1,2.4,0,0.0
cap65-01,26,3,0.025,0.1,2.4,0,0.0
cap65-01,27,1,1.954,29.6,15.2,4,0.09
cap65-01,27,2,0.224,3.7,16.5,0,0.0
cap65-01,27,3,0.209,3.6,17.3,0,0.0
cap65-01,28,1,12.891,123.5,9.6,30,0.67
cap65-01,28,2,8.852,75.8,8.6,22,0.44
cap65-01,28,3,8.647,74.6,8.6,21,0.44
cap65-01,29,1,0.174,1.1,6.5,0,0.0
cap65-01,29,2,0.046,0.3,7.4,0,0.0
cap65-01,29,3,0.037,0.3,8.0,0,0.0
cap65-01,30,1,2.807,35.6,12.7,4,0.34
cap65-01,30,2,0.517,9.1,17.6,0,0.0
cap65-01,30,3,0.522,9.0,17.3,0,0.0
cap65-01,31,1,2.998,27.1,9.0,1,0.15
cap65-01,31,2,1.854,24.6,13.3,0,0.0
cap65-01,31,3,2.267,25.2,11.1,3,0.05
cap65-01,32,1,9.36,157.4,16.8,7,0.32
cap65-01,32,2,6.98,127.2,18.2,1,0.24
cap65-01,32,3,6.767,124.5,18.4,0,0.0
cap65-01,33,1,3.717,42.2,11.4,13,0.15
cap65-01,33,2,2.84,35.4,12.5,7,0.12
cap65-01,33,3,2.371,31.4,13.2,4,0.06
cap65-01,34,1,2.332,31.1,13.3,5,0.07
cap65-01,34,2,2.194,29.5,13.5,2,0.04
cap65-01,34,3,2.261,30.9,13.7,4,0.07
cap65-01,35,1,0.634,11.7,18.4,0,0.0
cap65-01,35,2,0.395,7.5,18.9,0,0.0
cap65-01,35,3,0.394,7.3,18.5,0,0.0
cap65-01,36,1,0.329,2.6,7.8,0,0.0
cap65-01,36,2,0.069,0.4,5.8,0,0.0
cap65-01,36,3,0.063,0.4,5.6,0,0.0
cap65-01,37,1,0.622,3.0,4.8,0,0.0
cap65-01,37,2,0.045,0.2,5.1,0,0.0
cap65-01,37,3,0.05,0.3,5.5,0,0.0
cap65-01,38,1,0.753,3.6,4.7,0,0.0
cap65-01,38,2,0.043,0.3,7.1,0,0.0
cap65-01,38,3,0.039,0.2,6.0,0,0.0
cap65-01,39,1,0.792,9.1,11.5,0,0.0
cap65-01,39,2,0.502,6.5,12.9,4,0.12
cap65-01,39,3,0.369,4.1,11.0,0,0.0
cap65-01,40,1,0.137,0.5,3.5,0,0.0
cap65-01,40,2,0.036,0.2,5.6,0,0.0
cap65-01,40,3,0.038,0.2,5.3,0,0.0
cap65-01,41,1,0.098,0.4,3.6,0,0.0
cap65-01,41,2,0.047,0.2,4.7,0,0.0
cap65-01,41,3,0.052,0.3,4.8,0,0.0
cap65-01,42,1,0.231,2.0,8.7,0,0.0
cap65-01,42,2,0.043,0.3,6.1,0,0.0
cap65-01,42,3,0.046,0.3,6.4,0,0.0
